sex,before,after,Code,Location,Profession,CurrentMaterials,Previous_Chatbot_Usage ,Use chatbots frequently (pre),,I find chatbots can be useful in my daily life (PE1)(pre),Using chatbots increases my chances of achieving things that are important to me (PE2)(pre),Using chatbots can help me accomplish things more quickly (PE3)(pre),UseChatbotsFrequently,"Learning how to use chatbots is, or would be, for me (EE1)(pre)",My interactions with chatbots are clear and understandable (EE2)(pre),Easy_To_Use_Pre,It is easy for me to become skilful at using chatbots (EE4)(pre),People who are important to me think that I should use chatbots (SI1)(pre),People who influence my behaviour think that I should use chatbots (SI2)(pre),People whose opinions that I value prefer that I use chatbots (SI3)(pre),I have the resources necessary to use chatbots (FC1)(pre),knowledge_necessary_pre,Chatbots are compatible with other technologies I use (FC3)(pre),get_help_pre,Using chatbots is enjoyable (HM2)(pre),Using chatbots is very entertaining (HM3)(pre),I intend to continue using chatbots in the future (BI1)(pre),ChatbotUsed,Information_with_minimal_command_post,knowledge_improved_after_use,My confidence in understanding the topic improved after I had used the Chatbot(post), The chatbot provided me with the type of response i expected from asking a tutor/lecturer(post), The information provided was reliable (post),Personailty_real_engage,Robotic_CUQ2_post,The chatbot was welcoming during initial setup (CUQ3)(post),The chatbot seemed very unfriendly (CUQ4)(post),The chatbot explained its scope and purpose well (CUQ5)(post),The chatbot gave no indication as to its purpose (CUQ6)(post),The chatbot was easy to navigate (CUQ7)(post),It would be easy to get confused when using the chatbot (CUQ8)(post),The chatbot understood me well (CUQ9)(post),The chatbot failed to recognise a lot of my inputs (CUQ10)(post),"Chatbot responses were useful, appropriate and informative (CUQ11)(post)",Chatbot responses were irrelevant (CUQ12)(post),The chatbot coped well with any errors or mistakes (CUQ13)(post),The chatbot seemed unable to handle any errors (CUQ14)(post),The chatbot was very easy to use (CUQ15)(post),The chatbot was very complex (CUQ16)(post),"I would like to use the CEPEH chatbot i tested, more frequently (SUS1)(post)",,,The chatbot has a high level of trustworthiness(post),The duration of conversations to find my answer was too long(post),I found the CEPEH chatbots useful in my daily life (PE1)(post),Using CEPEH chatbots increases my chances of achieving things important to me (PE2)(post),Using CEPEH chatbots can help me accomplish things more quickly (PE3)(post),Using CEPEH chatbots increases my productivity (PE4)(post),Learning how to use CEPEH chatbots is easy for me (EE1)(post),My interaction with CEPEH chatbots is clear and understandable (EE2)(post),CEPEH_Post_Easy_To_Use,It is easy for me to become skilful at using CEPEH chatbots (EE4)(post),People who are important to me think that I should use CEPEH chatbots (SI1)(post),People who influence my behaviour think that I should use CEPEH chatbots (SI2)(post),People whose opinions that I value prefer that I use CEPEH chatbots (SI3)(post),I have the resources necessary to use CEPEH chatbots (FC1)(post),I have the knowledge necessary to use CEPEH chatbots (FC2)(post),CEPEH Chatbots are compatible with other technologies I use (FC3)(post),get_help,Using CEPEH chatbots is enjoyable (HM2)(post),Intend,The videos/images provided were useful to my questions(post),The chatbot exceeded my expectation of how it could help me(post),The chatbot exceeded my expectation of how it could engage with me(post),The chatbot exceeded my expectation of how entertaining it was to use(post),I think this learning method could help me to acquire knowledge(post),ReuseChatbot,I think i will actively use this learning method(post),I believe i had some choice about learning during chatbot use(post),POST_Trust,Informed of results(post),CUQ
Male,2,2,bb4,Cyprus,College student,1 to 1 workshops or lectures,Never,Agree,,,,,,,,,,,,,,,,,,,,UoN- Cybersecurity chatbot,Agree,Strongly Disagree,Strongly Disagree,Strongly Disagree,Neutral,Disagree,Disagree,Agree,Disagree,Strongly Agree,Strongly Disagree,Agree,Agree,Disagree,Agree,Disagree,Neutral,Disagree,Strongly Agree,Disagree,Strongly Disagree,Strongly Disagree,,,Neutral,Neutral,Strongly Disagree,Strongly Disagree,Strongly Disagree,Strongly Disagree,Strongly Agree,Agree,Disagree,Agree,Agree,Agree,Agree,Agree,Agree,Agree,Agree,Agree,Neutral,Agree,Strongly Disagree,Strongly Disagree,Strongly Disagree,Strongly Disagree,Strongly Disagree,Strongly Disagree,Strongly Disagree,Strongly Disagree,YES,68.75
Female,3,2,D  Ch 19/07/2003,Greece,College student,Books,1-4 hours,Agree,,,,,,,,,,,,,,,,,,,,AUTH- Medical History Chatbot,Strongly Agree,Agree,Strongly Agree,Neutral,Neutral,Agree,Disagree,Neutral,Disagree,Disagree,Disagree,Agree,Disagree,Agree,Neutral,Agree,Disagree,Neutral,Neutral,Agree,Disagree,Agree,,,Agree,Disagree,Strongly Agree,Agree,Agree,Agree,Agree,Agree,Agree,Agree,Agree,Agree,Agree,Agree,Agree,Agree,Agree,Strongly Agree,Agree,Strongly Agree,Strongly Agree,Strongly Agree,Strongly Agree,Agree,Agree,Agree,Agree,Agree,YES,84.375
Female,3,2,M.P. 22/02/2002,Greece,College student,Books,1-4 hours,Neutral,,Agree,Agree,Agree,Agree,Agree,Agree,Agree,Agree,Neutral,Neutral,Neutral,Strongly Agree,Strongly Agree,Strongly Agree,Neutral,Neutral,Neutral,Neutral,UoN- Cybersecurity chatbot,Agree,Neutral,Neutral,Neutral,Neutral,Strongly Agree,Disagree,Strongly Agree,Strongly Disagree,Strongly Agree,Disagree,Strongly Agree,Disagree,Strongly Agree,Disagree,Agree,Disagree,Agree,Disagree,Agree,Disagree,Strongly Agree,,,Strongly Agree,Strongly Disagree,Strongly Agree,Strongly Agree,Strongly Agree,Strongly Agree,Agree,Strongly Agree,Agree,Agree,Agree,Neutral,Agree,Neutral,Agree,Agree,Strongly Agree,Strongly Agree,Strongly Agree,Strongly Agree,Strongly Agree,Strongly Agree,Strongly Agree,Strongly Agree,Strongly Agree,Strongly Agree,Neutral,Strongly Agree,YES,75
Male,1,2,Kk 01/08/1997,Greece,Doctor,Online journals/books,5-9 hours,Neutral,,,,,,,,,,,,,,,,,,,,UoN- Cybersecurity chatbot,Agree,Agree,Agree,Neutral,Strongly Agree,Agree,Disagree,Agree,Strongly Disagree,Agree,Disagree,Agree,Disagree,Agree,Disagree,Strongly Agree,Disagree,Neutral,Disagree,Agree,Strongly Disagree,Strongly Agree,,,Agree,Disagree,Agree,Agree,Agree,Agree,Strongly Agree,Strongly Agree,Strongly Agree,Strongly Agree,Neutral,Neutral,Neutral,Agree,Agree,Strongly Agree,Agree,Strongly Agree,Strongly Agree,Strongly Agree,Strongly Agree,Strongly Agree,Strongly Agree,Strongly Agree,Strongly Agree,Agree,Agree,Agree,NO,54.6875
Male,1,2,y6,Cyprus,Learning Technologist,Online journals/books,Never,Agree,,,,,,,,,,,,,,,,,,,,CYENS - Patient Chatbot,Agree,Agree,Agree,Agree,Strongly Agree,Agree,Disagree,Neutral,Disagree,Agree,Disagree,Strongly Agree,Strongly Disagree,Agree,Disagree,Agree,Strongly Disagree,Neutral,Disagree,Strongly Agree,Strongly Disagree,Agree,,,Strongly Agree,Strongly Disagree,Strongly Agree,Strongly Agree,Strongly Agree,Agree,Strongly Agree,Strongly Agree,Strongly Agree,Strongly Agree,Agree,Neutral,Agree,Agree,Strongly Agree,Strongly Agree,Strongly Agree,Strongly Agree,Strongly Agree,Agree,Strongly Agree,Strongly Agree,Strongly Agree,Agree,Strongly Agree,Strongly Agree,Strongly Agree,Agree,YES,79.6875
Female,2,2,ES 04/04,Cyprus,Learning Technologist,Online videos/interactive material,20+ hours,Agree,,,,,,,,,,,,,,,,,,,,UoN- Cybersecurity chatbot,Disagree,Agree,Agree,Strongly Disagree,Neutral,Agree,Disagree,Strongly Disagree,Strongly Agree,Agree,Disagree,Strongly Agree,Agree,Disagree,Agree,Strongly Agree,Neutral,Disagree,Agree,Strongly Agree,Disagree,Agree,,,Agree,Disagree,Agree,Agree,Agree,Agree,Agree,Agree,Agree,Agree,Neutral,Neutral,Neutral,Agree,Agree,Agree,Agree,Agree,Agree,Strongly Agree,Strongly Agree,Strongly Agree,Strongly Agree,Strongly Agree,Strongly Agree,Agree,Agree,Strongly Agree,YES,54.6875
Male,1,2,H2105,Cyprus,Learning Technologist,Online journals/books,Never,Agree,,,,,,,,,,,,,,,,,,,,KI Neuroanatomy chatbot,Agree,Agree,Agree,Agree,Agree,Agree,Strongly Disagree,Agree,Strongly Disagree,Agree,Disagree,Agree,Disagree,Strongly Agree,Disagree,Strongly Agree,Disagree,Agree,Disagree,Strongly Agree,Strongly Disagree,Strongly Agree,,,Strongly Agree,Strongly Agree,Strongly Agree,Strongly Agree,Strongly Agree,Strongly Agree,Strongly Agree,Strongly Agree,Strongly Agree,Strongly Agree,Strongly Agree,Strongly Agree,Strongly Agree,Strongly Agree,Strongly Agree,Agree,Strongly Agree,Strongly Agree,Strongly Agree,Strongly Agree,Strongly Agree,Strongly Agree,Strongly Agree,Strongly Agree,Strongly Agree,Strongly Agree,Strongly Agree,Strongly Agree,YES,73.4375
Male,2,2,ww,United Kingdom,Lecturer,Online journals/books,1-4 hours,Agree,,Agree,Neutral,Neutral,Neutral,Neutral,Agree,Agree,Neutral,Neutral,Neutral,Neutral,Neutral,Neutral,Neutral,Disagree,Agree,Agree,Agree,KI Neuroanatomy chatbot,Agree,Strongly Agree,Agree,Strongly Agree,Agree,Agree,Disagree,Strongly Agree,Disagree,Agree,Strongly Disagree,Strongly Agree,Disagree,Agree,Disagree,Strongly Agree,Disagree,Agree,Disagree,Strongly Agree,Strongly Disagree,Agree,,,Strongly Agree,Strongly Disagree,Strongly Agree,Strongly Agree,Strongly Agree,Strongly Agree,Strongly Agree,Strongly Agree,Strongly Agree,Strongly Agree,Strongly Agree,Strongly Agree,Strongly Agree,Strongly Agree,Strongly Agree,Strongly Agree,Strongly Agree,Strongly Agree,Strongly Agree,Strongly Agree,Strongly Agree,Strongly Agree,Strongly Agree,Strongly Agree,Strongly Agree,Strongly Agree,Strongly Agree,Strongly Agree,YES,54.6875
Female,1,2,GDM0380,Greece,Lecturer,Online journals/books,Never,Neutral,,Agree,Agree,Agree,Agree,Agree,Agree,Agree,Strongly Agree,Neutral,Neutral,Neutral,Agree,Agree,Agree,Agree,Agree,Neutral,Agree,UoN- Cybersecurity chatbot,Strongly Agree,Strongly Agree,Strongly Agree,Strongly Agree,Strongly Agree,Strongly Agree,Disagree,Strongly Agree,Strongly Disagree,Strongly Agree,Strongly Agree,Strongly Agree,Strongly Agree,Strongly Agree,Disagree,Strongly Agree,Strongly Agree,Strongly Agree,Disagree,Strongly Agree,Disagree,Strongly Agree,,,Strongly Agree,Strongly Agree,Strongly Agree,Strongly Agree,Strongly Agree,Strongly Agree,Strongly Agree,Strongly Agree,Strongly Agree,Strongly Agree,Strongly Agree,Strongly Agree,Strongly Agree,Strongly Agree,Strongly Agree,Strongly Agree,Strongly Agree,Strongly Agree,Strongly Agree,Strongly Agree,Strongly Agree,Strongly Agree,Strongly Agree,Strongly Agree,Strongly Agree,Strongly Agree,Strongly Agree,Strongly Agree,YES,85.9375
Male,1,2,JT0107,Sweden,Mature Student,Online journals/books,Never,Agree,,Agree,Agree,Agree,Neutral,Agree,Disagree,Does not apply,Disagree,Neutral,Agree,Neutral,Disagree,Strongly Disagree,Neutral,Agree,Neutral,Neutral,Neutral,CYENS - Patient Chatbot,Strongly Agree,Strongly Agree,Strongly Agree,Agree,Strongly Agree,Strongly Agree,Strongly Disagree,Strongly Agree,Strongly Disagree,Strongly Agree,Strongly Disagree,Strongly Agree,Strongly Disagree,Strongly Agree,Strongly Disagree,Strongly Agree,Strongly Disagree,Strongly Agree,Strongly Disagree,Strongly Agree,Strongly Disagree,Strongly Agree,,,Agree,Disagree,Strongly Agree,Strongly Agree,Strongly Agree,Strongly Agree,Strongly Agree,Agree,Strongly Agree,Strongly Agree,Disagree,Disagree,Agree,Agree,Agree,Agree,Agree,Agree,Strongly Agree,Agree,Strongly Agree,Strongly Agree,Strongly Agree,Strongly Agree,Strongly Agree,Strongly Agree,Agree,Strongly Agree,YES,
Male,1,2,fd 3112,Albania,Mature Student,Online journals/books,10-19 hours,Strongly Agree,,,,,,,,,,,,,,,,,,,,CYENS - Patient Chatbot,Agree,Neutral,Agree,Agree,Agree,Agree,Disagree,Agree,Disagree,Agree,Disagree,Agree,Disagree,Agree,Disagree,Agree,Disagree,Agree,Disagree,Agree,Disagree,Agree,,,Agree,Disagree,Agree,Agree,Agree,Agree,Strongly Agree,Agree,Agree,Agree,Neutral,Neutral,Agree,Agree,Agree,Agree,Agree,Strongly Agree,Agree,Disagree,Neutral,Strongly Agree,Strongly Agree,Neutral,Agree,Neutral,Neutral,Agree,YES,75
Female,1,2,ED2310,Greece,Medical doctor,Online journals/books,1-4 hours,Agree,,,,,,,,,,,,,,,,,,,,CYENS - Patient Chatbot,Disagree,Agree,Agree,Agree,Agree,Neutral,Agree,Agree,Disagree,Neutral,Disagree,Disagree,Agree,Disagree,Neutral,Agree,Disagree,Disagree,Agree,Strongly Agree,Strongly Disagree,Agree,,,Agree,Agree,Agree,Agree,Agree,Agree,Agree,Neutral,Agree,Agree,Neutral,Neutral,Neutral,Neutral,Agree,Agree,Agree,Agree,Agree,Agree,Agree,Strongly Agree,Strongly Agree,Agree,Agree,Neutral,Agree,Agree,YES,78.125
Female,2,2,SR2606,Greece,Postgraduate student,Online journals/books,1-4 hours,Neutral,,,,,,,,,,,,,,,,,,,,KI Neuroanatomy chatbot,Strongly Agree,Strongly Agree,Agree,Agree,Agree,Neutral,Neutral,Agree,Disagree,Strongly Agree,Strongly Disagree,Agree,Disagree,Agree,Disagree,Strongly Agree,Strongly Disagree,Agree,Disagree,Strongly Agree,Strongly Disagree,Strongly Agree,,,Strongly Agree,Disagree,Agree,Agree,Strongly Agree,Agree,Strongly Agree,Strongly Agree,Strongly Agree,Strongly Agree,Agree,Agree,Strongly Agree,Strongly Agree,Agree,Neutral,Strongly Agree,Neutral,Strongly Agree,Strongly Agree,Agree,Strongly Agree,Strongly Agree,Strongly Agree,Strongly Agree,Strongly Agree,Agree,Agree,YES,51.5625
Male,1,2,nn,Greece,Postgraduate student,Online videos/interactive material,1-4 hours,Strongly Agree,,,,,,,,,,,,,,,,,,,,KI Neuroanatomy chatbot,Strongly Agree,Strongly Agree,Strongly Agree,Strongly Agree,Strongly Agree,Strongly Agree,Agree,Strongly Agree,Strongly Agree,Strongly Agree,Strongly Disagree,Strongly Agree,Strongly Agree,Agree,Disagree,Strongly Agree,Disagree,Agree,Disagree,Strongly Agree,Neutral,Strongly Agree,,,Strongly Agree,Strongly Agree,Strongly Agree,Strongly Agree,Strongly Agree,Strongly Agree,Strongly Agree,Strongly Agree,Strongly Agree,Strongly Agree,Disagree,Strongly Disagree,Disagree,Strongly Agree,Strongly Agree,Strongly Agree,Strongly Agree,Strongly Agree,Strongly Agree,Strongly Agree,Agree,Strongly Agree,Strongly Agree,Strongly Agree,Strongly Agree,Strongly Agree,Strongly Agree,Strongly Agree,YES,
Female,2,2,u8,Greece,Healthcare_Student,Books,1-4 hours,Strongly Agree,,Agree,Agree,Agree,Agree,Neutral,Agree,Agree,Neutral,Agree,Agree,Agree,Agree,Neutral,Agree,Agree,Agree,Agree,Agree,AUTH- Medical History Chatbot,Agree,Agree,Agree,Agree,Agree,Agree,Disagree,Agree,Disagree,Agree,Agree,Agree,Disagree,Agree,Neutral,Agree,Neutral,Agree,Agree,Agree,Neutral,Neutral,,,Neutral,Disagree,Agree,Agree,Agree,Agree,Agree,Agree,Agree,Agree,Agree,Agree,Agree,Agree,Agree,Agree,Agree,Strongly Agree,Agree,Agree,Strongly Agree,Neutral,Strongly Agree,Agree,Agree,Agree,Agree,Agree,YES,75
Female,2,2,AI 22/05/2002,Greece,Healthcare_Student,Books,Never,Agree,,,,,,,,,,,,,,,,,,,,KI Neuroanatomy chatbot,Agree,Agree,Agree,Agree,Agree,Agree,Disagree,Agree,Disagree,Agree,Disagree,Agree,Agree,Agree,Disagree,Agree,Disagree,Agree,Disagree,Agree,Disagree,Neutral,,,Strongly Agree,Strongly Agree,Strongly Agree,Strongly Agree,Neutral,Agree,Strongly Agree,Neutral,Agree,Strongly Agree,Strongly Agree,Strongly Agree,Neutral,Strongly Agree,Agree,Agree,Strongly Agree,Strongly Agree,Strongly Agree,Strongly Agree,Disagree,Disagree,Strongly Agree,Strongly Agree,Agree,Agree,Neutral,Strongly Agree,YES,67.1875
Female,1,2,666,Cyprus,Healthcare_Student,Books,Never,Agree,,,,,,,,,,,,,,,,,,,,CYENS - Patient Chatbot,Agree,Agree,Agree,Agree,Strongly Agree,Not Applicable,Not Applicable,Not Applicable,Not Applicable,Not Applicable,Not Applicable,Agree,Disagree,Agree,Not Applicable,Agree,Disagree,Not Applicable,Not Applicable,Agree,Disagree,Strongly Agree,,,Neutral,Neutral,Agree,Strongly Agree,Strongly Agree,Neutral,Agree,Neutral,Agree,Agree,Neutral,Agree,Neutral,Neutral,Neutral,Agree,Strongly Agree,Strongly Agree,Strongly Agree,Strongly Agree,Strongly Agree,Agree,Strongly Agree,Strongly Agree,Strongly Agree,Strongly Agree,Agree,Strongly Agree,YES,70.3125
Male,1,2,gg,Greece,Healthcare_Student,Books,5-9 hours,Strongly Agree,,,,,,,,,,,,,,,,,,,,KI Neuroanatomy chatbot,Neutral,Agree,Neutral,Disagree,Strongly Agree,Not Applicable,Strongly Disagree,Agree,Disagree,Disagree,Neutral,Disagree,Not Applicable,Not Applicable,Not Applicable,Agree,Disagree,Not Applicable,Not Applicable,Not Applicable,Not Applicable,Agree,,,Agree,Strongly Disagree,Agree,Strongly Agree,Strongly Agree,Agree,Agree,Neutral,Agree,Agree,Disagree,Neutral,Neutral,Neutral,Neutral,Agree,Strongly Agree,Strongly Agree,Strongly Agree,Strongly Agree,Neutral,Agree,Strongly Agree,Strongly Agree,Strongly Agree,Strongly Agree,Agree,Agree,YES,57.8125
Female,2,2,E. P.  03/03/2003,Greece,Healthcare_Student,Books,1-4 hours,Agree,,,,,,,,,,,,,,,,,,,,CYENS - Patient Chatbot,Agree,Strongly Agree,Agree,Agree,Agree,Agree,Disagree,Agree,Strongly Disagree,Agree,Disagree,Agree,Neutral,Neutral,Neutral,Agree,Strongly Disagree,Neutral,Neutral,Agree,Disagree,Strongly Agree,,,Agree,Strongly Disagree,Agree,Neutral,Neutral,Agree,Agree,Agree,Agree,Agree,Neutral,Neutral,Strongly Agree,Strongly Agree,Strongly Agree,Agree,Strongly Agree,Agree,Strongly Agree,Agree,Agree,Agree,Strongly Agree,Agree,Agree,Agree,Agree,Agree,YES,70.3125
Male,2,2,DT 03/10/2003,Greece,Healthcare_Student,Online journals/books,Never,Agree,,Agree,Neutral,Agree,Disagree,Agree,Neutral,Disagree,Neutral,Neutral,Agree,Agree,Agree,Disagree,Neutral,Agree,Neutral,Neutral,Agree,AUTH- Medical History Chatbot,Agree,Neutral,Agree,Disagree,Agree,Disagree,Agree,Neutral,Disagree,Agree,Disagree,Agree,Neutral,Neutral,Agree,Neutral,Disagree,Neutral,Agree,Agree,Disagree,Agree,,,Agree,Disagree,Agree,Agree,Agree,Agree,Agree,Agree,Agree,Agree,Neutral,Neutral,Neutral,Agree,Agree,Agree,Strongly Agree,Strongly Agree,Agree,Neutral,Agree,Agree,Strongly Agree,Agree,Agree,Agree,Agree,Agree,YES,62.5
Female,3,2,AG 26/06/2002,Greece,Healthcare_Student,Books,Never,Agree,,,,,,,,,,,,,,,,,,,,CYENS - Patient Chatbot,Disagree,Neutral,Neutral,Neutral,Agree,Neutral,Agree,Agree,Neutral,Disagree,Agree,Neutral,Neutral,Disagree,Agree,Neutral,Neutral,Disagree,Neutral,Disagree,Neutral,Neutral,,,Agree,Disagree,Agree,Agree,Agree,Agree,Agree,Strongly Agree,Agree,Strongly Agree,Neutral,Neutral,Agree,Agree,Agree,Agree,Agree,Strongly Agree,Agree,Strongly Agree,Agree,Agree,Strongly Agree,Agree,Agree,Agree,Agree,Agree,NO,
Female,2,2,f1,Greece,Healthcare_Student,Online videos/interactive material,1-4 hours,Agree,,,,,,,,,,,,,,,,,,,,KI Neuroanatomy chatbot,Agree,Neutral,Neutral,Agree,Neutral,Neutral,Neutral,Agree,Strongly Disagree,Agree,Disagree,Agree,Disagree,Neutral,Disagree,Agree,Disagree,Not Applicable,Neutral,Strongly Agree,Strongly Disagree,Not Applicable,,,Neutral,Disagree,Strongly Agree,Strongly Agree,Strongly Agree,Neutral,Agree,Strongly Agree,Agree,Strongly Agree,Neutral,Agree,Neutral,Neutral,Neutral,Agree,Strongly Agree,Strongly Agree,Strongly Agree,Strongly Agree,Agree,Agree,Strongly Agree,Agree,Strongly Agree,Strongly Agree,Agree,Agree,YES,68.75
Male,1,2,Za 01/01/2000,Sweden,Healthcare_Student,Online journals/books,1-4 hours,Strongly Agree,,,,,,,,,,,,,,,,,,,,AUTH- Medical History Chatbot,Strongly Agree,Strongly Agree,Strongly Agree,Agree,Strongly Agree,Strongly Agree,Disagree,Agree,Disagree,Strongly Agree,Disagree,Strongly Agree,Disagree,Agree,Disagree,Agree,Disagree,Agree,Disagree,Agree,Disagree,Strongly Agree,,,Agree,Disagree,Agree,Agree,Agree,Agree,Strongly Agree,Strongly Agree,Strongly Agree,Strongly Agree,Agree,Agree,Agree,Strongly Agree,Strongly Agree,Agree,Agree,Strongly Agree,Agree,Neutral,Agree,Agree,Strongly Agree,Strongly Agree,Strongly Agree,Agree,Agree,Strongly Agree,NO,68.75
Male,2,2,rr,Greece,Healthcare_Student,Books,Never,Neutral,,,,,,,,,,,,,,,,,,,,KI Neuroanatomy chatbot,Strongly Agree,Strongly Agree,Strongly Agree,Strongly Agree,Strongly Agree,Strongly Agree,Strongly Agree,Strongly Agree,Strongly Agree,Strongly Agree,Strongly Agree,Strongly Agree,Strongly Agree,Strongly Agree,Strongly Agree,Strongly Agree,Strongly Agree,Strongly Agree,Strongly Agree,Strongly Agree,Strongly Agree,Strongly Agree,,,Agree,Disagree,Agree,Agree,Strongly Agree,Strongly Agree,Agree,Agree,Agree,Agree,Disagree,Strongly Disagree,Disagree,Agree,Agree,Agree,Agree,Strongly Agree,Strongly Agree,Agree,Agree,Agree,Strongly Agree,Strongly Agree,Strongly Agree,Agree,Agree,Strongly Agree,YES,
Male,2,2,A.S.1507,Greece,Healthcare_Student,Online journals/books,Never,Neutral,,,,,,,,,,,,,,,,,,,,CYENS - Patient Chatbot,Strongly Agree,Strongly Agree,Strongly Agree,Agree,Agree,Agree,Disagree,Strongly Agree,Disagree,Agree,Disagree,Strongly Agree,Disagree,Agree,Agree,Agree,Agree,Agree,Neutral,Strongly Agree,Strongly Disagree,Agree,,,Not Applicable,Disagree,Not Applicable,Agree,Neutral,Agree,Agree,Agree,Agree,Agree,Not Applicable,Not Applicable,Not Applicable,Not Applicable,Not Applicable,Agree,Agree,Agree,Agree,Not Applicable,Not Applicable,Not Applicable,Not Applicable,Agree,Agree,Agree,Agree,Agree,YES,64.0625
Female,2,2,ER 31/10/2000,Sweden,Healthcare_Student,1 to 1 workshops or lectures,Never,Agree,,Strongly Agree,Agree,Agree,Agree,Agree,Neutral,Agree,Neutral,Agree,Agree,Agree,Agree,Neutral,Agree,Agree,Agree,Neutral,Agree,KI Neuroanatomy chatbot,Disagree,Disagree,Disagree,Disagree,Neutral,Neutral,Neutral,Agree,Disagree,Agree,Disagree,Agree,Disagree,Disagree,Neutral,Disagree,Neutral,Neutral,Neutral,Agree,Disagree,Disagree,,,Agree,Strongly Disagree,Strongly Disagree,Strongly Disagree,Strongly Disagree,Neutral,Strongly Agree,Strongly Agree,Strongly Agree,Strongly Agree,Agree,Agree,Agree,Strongly Agree,Strongly Agree,Strongly Agree,Agree,Agree,Neutral,Neutral,Strongly Disagree,Neutral,Neutral,Agree,Neutral,Strongly Disagree,Agree,Disagree,YES,62.5
Female,4,2,E.K 25/09/2003,Greece,Healthcare_Student,Books,Never,Disagree,,Agree,Agree,Agree,Neutral,Neutral,Neutral,Agree,Agree,Neutral,Neutral,Neutral,Agree,Agree,Agree,Agree,Agree,Agree,Neutral,AUTH- Medical History Chatbot,Agree,Strongly Agree,Agree,Disagree,Agree,Agree,Agree,Agree,Disagree,Neutral,Neutral,Agree,Agree,Neutral,Disagree,Neutral,Neutral,Neutral,Agree,Agree,Disagree,Strongly Agree,,,Strongly Agree,Disagree,Not Applicable,Agree,Agree,Neutral,Strongly Agree,Agree,Not Applicable,Strongly Agree,Neutral,Neutral,Neutral,Neutral,Strongly Agree,Agree,Not Applicable,Disagree,Agree,Not Applicable,Neutral,Neutral,Neutral,Strongly Agree,Strongly Agree,Agree,Agree,Strongly Agree,NO,64.0625
Female,4,2,E.K 25/09/2003,Greece,Healthcare_Student,Books,Never,Neutral,,,,,,,,,,,,,,,,,,,,CYENS - Patient Chatbot,Neutral,Agree,Neutral,Agree,Strongly Agree,Disagree,Agree,Agree,Disagree,Agree,Disagree,Agree,Neutral,Neutral,Neutral,Agree,Disagree,Neutral,Neutral,Agree,Disagree,Agree,,,Neutral,Disagree,Agree,Agree,Agree,Agree,Agree,Agree,Agree,Agree,Neutral,Neutral,Neutral,Agree,Agree,Agree,Agree,Strongly Agree,Strongly Agree,Agree,Neutral,Neutral,Neutral,Agree,Agree,Agree,Agree,Agree,NO,73.4375
Male,1,2,uju,Cyprus,Healthcare_Student,Books,Never,Agree,,,,,,,,,,,,,,,,,,,,KI Neuroanatomy chatbot,Agree,Agree,Neutral,Agree,Agree,Agree,Neutral,Agree,Disagree,Neutral,Disagree,Agree,Neutral,Disagree,Agree,Agree,Agree,Disagree,Neutral,Neutral,Disagree,Neutral,,,Agree,Disagree,Agree,Agree,Agree,Neutral,Agree,Agree,Agree,Agree,Neutral,Neutral,Neutral,Agree,Agree,Agree,Agree,Strongly Agree,Agree,Agree,Neutral,Neutral,Neutral,Agree,Agree,Agree,Agree,Agree,NO,68.75
Female,1,2,y4,Greece,Healthcare_Student,Books,Never,Agree,,,,,,,,,,,,,,,,,,,,CYENS - Patient Chatbot,Agree,Disagree,Disagree,Agree,Agree,Disagree,Neutral,Agree,Neutral,Agree,Disagree,Disagree,Agree,Disagree,Agree,Neutral,Agree,Disagree,Neutral,Neutral,Disagree,Disagree,,,Neutral,Neutral,Agree,Agree,Agree,Agree,Neutral,Neutral,Neutral,Neutral,Agree,Agree,Agree,Neutral,Neutral,Neutral,Agree,Agree,Agree,Neutral,Neutral,Neutral,Neutral,Agree,Agree,Agree,Agree,Neutral,YES,54.6875
Female,2,2,FAI2205,Greece,Healthcare_Student,Books,Never,Agree,,,,,,,,,,,,,,,,,,,,UoN- Cybersecurity chatbot,Neutral,Agree,Neutral,Disagree,Agree,Neutral,Neutral,Agree,Disagree,Neutral,Neutral,Neutral,Agree,Neutral,Agree,Neutral,Agree,Disagree,Agree,Neutral,Disagree,Agree,,,Neutral,Agree,Neutral,Neutral,Neutral,Neutral,Agree,Agree,Neutral,Agree,Neutral,Neutral,Neutral,Agree,Agree,Neutral,Agree,Neutral,Agree,Neutral,Neutral,Neutral,Neutral,Neutral,Neutral,Neutral,Neutral,Neutral,NO,56.25
Female,2,2,H.M. 1/4/2003,Greece,Healthcare_Student,Books,Never,Disagree,,,,,,,,,,,,,,,,,,,,UoN- Cybersecurity chatbot,Disagree,Neutral,Neutral,Disagree,Disagree,Disagree,Agree,Disagree,Agree,Disagree,Agree,Neutral,Strongly Agree,Disagree,Agree,Neutral,Agree,Neutral,Agree,Agree,Agree,Neutral,,,Neutral,Neutral,Agree,Agree,Agree,Neutral,Neutral,Neutral,Neutral,Disagree,Neutral,Neutral,Neutral,Neutral,Neutral,Neutral,Agree,Agree,Neutral,Neutral,Neutral,Neutral,Neutral,Neutral,Neutral,Disagree,Agree,Disagree,YES,51.5625
Female,2,2,JA 24/03/1999,Sweden,Healthcare_Student,Online videos/interactive material,1-4 hours,Neutral,,,,,,,,,,,,,,,,,,,,CYENS - Patient Chatbot,Agree,Neutral,Agree,Neutral,Strongly Agree,Neutral,Neutral,Agree,Neutral,Agree,Disagree,Neutral,Neutral,Neutral,Neutral,Agree,Neutral,Neutral,Neutral,Neutral,Neutral,Neutral,,,Neutral,Neutral,Neutral,Neutral,Neutral,Neutral,Agree,Agree,Agree,Agree,Neutral,Neutral,Neutral,Agree,Agree,Agree,Neutral,Agree,Neutral,Neutral,Neutral,Neutral,Neutral,Neutral,Neutral,Neutral,Neutral,Neutral,YES,73.4375
Female,2,2,KG0201,Greece,Healthcare_Student,Online videos/interactive material,1-4 hours,Agree,,,,,,,,,,,,,,,,,,,,CYENS - Patient Chatbot,Disagree,Neutral,Agree,Strongly Disagree,Neutral,Disagree,Agree,Neutral,Disagree,Agree,Disagree,Disagree,Agree,Disagree,Agree,Neutral,Neutral,Disagree,Neutral,Agree,Disagree,Disagree,,,Strongly Disagree,Neutral,Neutral,Neutral,Neutral,Neutral,Neutral,Neutral,Neutral,Neutral,Neutral,Neutral,Neutral,Neutral,Neutral,Neutral,Neutral,Neutral,Neutral,Neutral,Neutral,Neutral,Neutral,Neutral,Neutral,Neutral,Neutral,Neutral,NO,75
Female,2,2,SO 1/8/2002,Greece,Healthcare_Student,Books,1-4 hours,Neutral,,,,,,,,,,,,,,,,,,,,KI Neuroanatomy chatbot,Strongly Agree,Strongly Agree,Strongly Agree,Agree,Agree,Strongly Agree,Disagree,Strongly Agree,Disagree,Strongly Agree,Strongly Disagree,Strongly Agree,Neutral,Strongly Agree,Agree,Strongly Agree,Strongly Disagree,Agree,Neutral,Strongly Agree,Strongly Disagree,Strongly Agree,,,Strongly Agree,Strongly Disagree,Agree,Strongly Agree,Agree,Agree,Strongly Agree,Strongly Agree,Strongly Agree,Strongly Agree,Agree,Agree,Agree,Agree,Agree,Strongly Agree,Agree,Agree,Agree,Neutral,Neutral,Neutral,Neutral,Agree,Strongly Agree,Agree,Agree,Agree,YES,70.3125
Female,2,2,o8,Greece,Healthcare_Student,Books,Never,Agree,,,,,,,,,,,,,,,,,,,,AUTH- Medical History Chatbot,Strongly Agree,Agree,Agree,Neutral,Neutral,Agree,Neutral,Agree,Strongly Disagree,Agree,Strongly Disagree,Strongly Agree,Disagree,Agree,Disagree,Agree,Disagree,Agree,Neutral,Strongly Agree,Disagree,Neutral,,,Neutral,Agree,Neutral,Disagree,Neutral,Neutral,Neutral,Neutral,Neutral,Neutral,Agree,Agree,Agree,Agree,Neutral,Disagree,Agree,Neutral,Neutral,Neutral,Disagree,Neutral,Neutral,Neutral,Neutral,Neutral,Agree,Agree,YES,68.75
Female,2,2,CP 16/04/2002,Greece,Healthcare_Student,Books,Never,Strongly Agree,,Agree,Neutral,Agree,Neutral,Agree,Neutral,Agree,Agree,Agree,Neutral,Agree,Strongly Agree,Agree,Agree,Strongly Agree,Agree,Agree,Strongly Agree,AUTH- Medical History Chatbot,Agree,Agree,Agree,Neutral,Agree,Agree,Agree,Agree,Disagree,Agree,Neutral,Agree,Disagree,Agree,Agree,Agree,Neutral,Agree,Disagree,Agree,Disagree,Agree,,,Agree,Neutral,Agree,Agree,Agree,Agree,Agree,Neutral,Agree,Agree,Neutral,Neutral,Agree,Neutral,Agree,Agree,Agree,Agree,Agree,Strongly Agree,Agree,Neutral,Neutral,Agree,Agree,Agree,Agree,Strongly Agree,YES,54.6875
Female,3,2,J.N. 07/05/2003,Albania,Healthcare_Student,Books,1-4 hours,Agree,,,,,,,,,,,,,,,,,,,,AUTH- Medical History Chatbot,Agree,Agree,Agree,Strongly Agree,Neutral,Agree,Neutral,Neutral,Disagree,Agree,Disagree,Agree,Agree,Agree,Disagree,Agree,Disagree,Neutral,Neutral,Agree,Neutral,Agree,,,Agree,Neutral,Agree,Agree,Neutral,Agree,Agree,Agree,Agree,Neutral,Agree,Agree,Agree,Agree,Agree,Agree,Agree,Agree,Neutral,Neutral,Agree,Neutral,Neutral,Agree,Agree,Neutral,Strongly Agree,Agree,YES,79.6875
Female,3,2,MA 15/04/2003,Greece,Healthcare_Student,Books,Never,Agree,,Disagree,Disagree,Agree,Disagree,Neutral,Neutral,Agree,Agree,Strongly Disagree,Strongly Disagree,Disagree,Disagree,Neutral,Agree,Neutral,Disagree,Disagree,Disagree,CYENS - Patient Chatbot,Agree,Agree,Agree,Disagree,Agree,Disagree,Agree,Agree,Disagree,Agree,Disagree,Disagree,Agree,Disagree,Agree,Agree,Disagree,Disagree,Agree,Agree,Disagree,Disagree,,,Agree,Disagree,Agree,Agree,Strongly Agree,Strongly Agree,Neutral,Agree,Agree,Neutral,Neutral,Neutral,Agree,Agree,Agree,Agree,Agree,Agree,Agree,Agree,Neutral,Disagree,Neutral,Agree,Agree,Agree,Neutral,Disagree,NO,84.375
Female,1,2,o9,Greece,Healthcare_Student,Books,Never,Agree,,,,,,,,,,,,,,,,,,,,AUTH- Medical History Chatbot,Neutral,Agree,Agree,Agree,Agree,Agree,Neutral,Neutral,Disagree,Agree,Neutral,Agree,Disagree,Neutral,Neutral,Agree,Neutral,Agree,Disagree,Agree,Disagree,Agree,,,Neutral,Disagree,Disagree,Disagree,Disagree,Disagree,Agree,Agree,Agree,Agree,Disagree,Disagree,Disagree,Agree,Agree,Agree,Neutral,Neutral,Disagree,Neutral,Disagree,Disagree,Neutral,Disagree,Disagree,Disagree,Disagree,Neutral,YES,60.9375
Female,1,2,A.N. 31/08/2003,Greece,Healthcare_Student,Online videos/interactive material,1-4 hours,Agree,,,,,,,,,,,,,,,,,,,,KI Neuroanatomy chatbot,Agree,Agree,Agree,Agree,Agree,Neutral,Agree,Neutral,Disagree,Agree,Disagree,Agree,Disagree,Agree,Disagree,Agree,Disagree,Disagree,Agree,Agree,Disagree,Agree,,,Neutral,Neutral,Agree,Neutral,Neutral,Neutral,Neutral,Agree,Agree,Neutral,Neutral,Neutral,Neutral,Disagree,Disagree,Neutral,Disagree,Neutral,Agree,Neutral,Neutral,Agree,Neutral,Agree,Agree,Neutral,Neutral,Agree,YES,67.1875
Female,1,2,TP 11/07/2001,Cyprus,,Online journals/books,Never,Agree,,,,,,,,,,,,,,,,,,,,CYENS - Patient Chatbot,Strongly Agree,Neutral,Neutral,Strongly Agree,Agree,Agree,Neutral,Strongly Agree,Strongly Disagree,Strongly Agree,Neutral,Strongly Agree,Disagree,Agree,Disagree,Agree,Disagree,Agree,Disagree,Strongly Agree,Strongly Disagree,Strongly Agree,,,Agree,Neutral,Neutral,Agree,Agree,Agree,Agree,Agree,Neutral,Agree,Neutral,Neutral,Neutral,Agree,Agree,Neutral,Agree,Neutral,Agree,Neutral,Neutral,Agree,Neutral,Agree,Agree,Agree,Agree,Agree,YES,46.875
,,1,ww,,,,,,,,,,,,,,,,,,,,,,,,,KI Neuroanatomy chatbot,Agree,Neutral,Agree,Agree,Agree,Agree,Disagree,Neutral,Disagree,Agree,Disagree,Disagree,Disagree,Strongly Agree,Disagree,Neutral,Disagree,Neutral,Disagree,Agree,Disagree,Neutral,,,Neutral,Disagree,Agree,Agree,Agree,Neutral,Agree,Neutral,Agree,Agree,Agree,Neutral,Neutral,Agree,Agree,Agree,Agree,Agree,Agree,Agree,Agree,Agree,Neutral,Agree,Agree,Agree,Agree,Agree,NO,71.875
,,1,Θ.Σ 15/07/2003,,,,,,,,,,,,,,,,,,,,,,,,,UoN- Cybersecurity chatbot,Agree,Neutral,Agree,Disagree,Agree,Agree,Disagree,Disagree,Agree,Agree,Agree,Disagree,Neutral,Disagree,Agree,Agree,Disagree,Neutral,Disagree,Agree,Disagree,Agree,,,Neutral,Not Applicable,Agree,Agree,Neutral,Neutral,Agree,Agree,Agree,Neutral,Neutral,Neutral,Neutral,Agree,Agree,Agree,Neutral,Neutral,Agree,Agree,Agree,Agree,Neutral,Agree,Agree,Agree,Neutral,Agree,YES,62.5
,,1,Θ.Σ 15/07/2003,,,,,,,,,,,,,,,,,,,,,,,,,UoN- Cybersecurity chatbot,Agree,Agree,Agree,Agree,Agree,Agree,Neutral,Agree,Agree,Neutral,Disagree,Neutral,Neutral,Disagree,Agree,Agree,Neutral,Neutral,Neutral,Agree,Disagree,Agree,,,Neutral,Strongly Disagree,Not Applicable,Not Applicable,Not Applicable,Not Applicable,Not Applicable,Not Applicable,Not Applicable,Not Applicable,Not Applicable,Not Applicable,Not Applicable,Not Applicable,Not Applicable,Not Applicable,Not Applicable,Not Applicable,Not Applicable,Neutral,Agree,Agree,Neutral,Agree,Agree,Neutral,Agree,Agree,YES,59.375
,,1,H.M. 1/4/2003,,,,,,,,,,,,,,,,,,,,,,,,,KI Neuroanatomy chatbot,Neutral,Agree,Strongly Agree,Agree,Strongly Agree,Disagree,Agree,Agree,Neutral,Agree,Neutral,Strongly Agree,Agree,Neutral,Agree,Agree,Strongly Agree,Strongly Agree,Agree,Neutral,Strongly Agree,Agree,,,Agree,Disagree,Agree,Disagree,Agree,Agree,Agree,Agree,Agree,Strongly Agree,Disagree,Neutral,Neutral,Strongly Agree,Strongly Agree,Agree,Agree,Agree,Agree,Agree,Agree,Agree,Neutral,Agree,Agree,Agree,Agree,Disagree,YES,70.3125
,,1,Ev 31/07/1999,,,,,,,,,,,,,,,,,,,,,,,,,UoN- Cybersecurity chatbot,Agree,Agree,Agree,Neutral,Neutral,Disagree,Agree,Agree,Disagree,Neutral,Disagree,Agree,Neutral,Disagree,Agree,Agree,Disagree,Agree,Neutral,Agree,Disagree,Disagree,,,Agree,Agree,Agree,Agree,Agree,Agree,Agree,Agree,Agree,Agree,Agree,Agree,Agree,Agree,Agree,Agree,Agree,Strongly Agree,Agree,Agree,Agree,Agree,Neutral,Agree,Agree,Agree,Agree,Agree,YES,65.625
,,1,MA 15/04/2003,,,,,,,,,,,,,,,,,,,,,,,,,AUTH- Medical History Chatbot,Agree,Agree,Agree,Agree,Agree,Agree,Neutral,Agree,Disagree,Neutral,Neutral,Agree,Agree,Neutral,Neutral,Agree,Disagree,Agree,Neutral,Agree,Disagree,Strongly Agree,,,Neutral,Agree,Disagree,Agree,Agree,Neutral,Neutral,Agree,Strongly Agree,Neutral,Neutral,Neutral,Neutral,Neutral,Neutral,Agree,Agree,Agree,Strongly Agree,Agree,Agree,Agree,Neutral,Strongly Agree,Strongly Agree,Agree,Agree,Agree,YES,71.875
,,1,MT 24/10/2001,,,,,,,,,,,,,,,,,,,,,,,,,UoN- Cybersecurity chatbot,Strongly Agree,Strongly Agree,Strongly Agree,Agree,Neutral,Strongly Agree,Disagree,Strongly Agree,Strongly Disagree,Strongly Agree,Strongly Disagree,Agree,Disagree,Agree,Neutral,Strongly Agree,Neutral,Disagree,Neutral,Agree,Disagree,Strongly Agree,,,Neutral,Disagree,Strongly Agree,Strongly Agree,Agree,Neutral,Agree,Agree,Agree,Neutral,Neutral,Agree,Neutral,Neutral,Agree,Agree,Agree,Neutral,Strongly Agree,Agree,Strongly Agree,Neutral,Disagree,Agree,Strongly Agree,Agree,Strongly Agree,Disagree,YES,46.875
,,1,o9,,,,,,,,,,,,,,,,,,,,,,,,,UoN- Cybersecurity chatbot,Disagree,Agree,Agree,Disagree,Agree,Agree,Agree,Agree,Disagree,Agree,Disagree,Disagree,Neutral,Disagree,Agree,Agree,Neutral,Agree,Disagree,Disagree,Neutral,Agree,,,Disagree,Disagree,Strongly Disagree,Disagree,Strongly Disagree,Strongly Disagree,Agree,Agree,Agree,Agree,Disagree,Disagree,Disagree,Neutral,Agree,Agree,Agree,Disagree,Strongly Disagree,Agree,Neutral,Neutral,Disagree,Agree,Neutral,Disagree,Agree,Strongly Disagree,YES,40.625
,,1,o9,,,,,,,,,,,,,,,,,,,,,,,,,KI Neuroanatomy chatbot,Agree,Agree,Agree,Agree,Agree,Agree,Disagree,Strongly Agree,Strongly Disagree,Agree,Disagree,Strongly Agree,Strongly Disagree,Agree,Disagree,Strongly Agree,Strongly Disagree,Agree,Disagree,Strongly Agree,Strongly Disagree,Agree,,,Disagree,Strongly Disagree,Strongly Agree,Strongly Agree,Agree,Strongly Agree,Agree,Agree,Agree,Neutral,Agree,Neutral,Agree,Strongly Disagree,Agree,Agree,Agree,Agree,Strongly Agree,Strongly Agree,Agree,Neutral,Disagree,Strongly Agree,Strongly Agree,Agree,Strongly Agree,Strongly Agree,YES,43.75
,,1,J.N. 07/05/2003,,,,,,,,,,,,,,,,,,,,,,,,,CYENS - Patient Chatbot,Agree,Neutral,Neutral,Agree,Agree,Disagree,Agree,Neutral,Disagree,Neutral,Disagree,Agree,Neutral,Neutral,Neutral,Agree,Disagree,Not Applicable,Not Applicable,Agree,Disagree,Agree,,,Neutral,Neutral,Disagree,Disagree,Disagree,Disagree,Agree,Neutral,Agree,Agree,Disagree,Disagree,Disagree,Neutral,Agree,Neutral,Agree,Disagree,Strongly Disagree,Agree,Neutral,Disagree,Disagree,Disagree,Disagree,Disagree,Neutral,Disagree,YES,67.1875
,,1,u7,,,,,,,,,,,,,,,,,,,,,,,,,KI Neuroanatomy chatbot,Agree,Neutral,Agree,Strongly Agree,Agree,Strongly Disagree,Strongly Agree,Neutral,Disagree,Neutral,Disagree,Disagree,Neutral,Neutral,Agree,Agree,Neutral,Neutral,Neutral,Agree,Neutral,Disagree,,,Disagree,Disagree,Disagree,Disagree,Disagree,Disagree,Disagree,Neutral,Agree,Neutral,Neutral,Neutral,Neutral,Neutral,Disagree,Neutral,Disagree,Agree,Agree,Neutral,Neutral,Disagree,Disagree,Neutral,Neutral,Agree,Agree,Agree,YES,64.0625
,,2,ED2310,,,,,,,,,,,,,,,,,,,,,,,,,CYENS - Patient Chatbot,Neutral,Agree,Agree,Agree,Neutral,Disagree,Agree,Neutral,Neutral,Agree,Agree,Neutral,Disagree,Neutral,Neutral,Agree,Neutral,Agree,Agree,Neutral,Neutral,Agree,,,Neutral,Disagree,Disagree,Neutral,Disagree,Neutral,Agree,Agree,Agree,Agree,Disagree,Disagree,Disagree,Neutral,Neutral,Agree,Neutral,Neutral,Neutral,Neutral,Disagree,Disagree,Disagree,Neutral,Neutral,Disagree,Disagree,Neutral,YES,65.625
,,3,Za 01/01/2000,,,,,,,,,,,,,,,,,,,,,,,,,CYENS - Patient Chatbot,Neutral,Neutral,Agree,Agree,Neutral,Agree,Agree,Agree,Agree,Agree,Neutral,Agree,Disagree,Agree,Agree,Agree,Agree,Agree,Neutral,Agree,Disagree,Agree,,,Disagree,Agree,Agree,Agree,Agree,Agree,Agree,Strongly Agree,Agree,Agree,Disagree,Disagree,Disagree,Agree,Agree,Agree,Agree,Strongly Agree,Strongly Agree,Agree,Agree,Disagree,Disagree,Agree,Agree,Agree,Agree,Agree,YES,
,,1,Θ.Σ 15/07/2003,,,,,,,,,,,,,,,,,,,,,,,,,KI Neuroanatomy chatbot,Agree,Agree,Agree,Agree,Agree,Agree,Agree,Agree,Agree,Agree,Agree,Agree,Strongly Disagree,Agree,Strongly Disagree,Agree,Strongly Disagree,Not Applicable,Not Applicable,Agree,Strongly Disagree,Agree,,,Strongly Agree,Strongly Disagree,Agree,Agree,Agree,Agree,Agree,Agree,Agree,Agree,Not Applicable,Not Applicable,Not Applicable,Agree,Agree,Strongly Agree,Disagree,Neutral,Agree,Strongly Agree,Neutral,Agree,Disagree,Strongly Agree,Agree,Strongly Agree,Strongly Agree,Strongly Agree,NO,79.6875
,,2,ED2310,,,,,,,Strongly Agree,Strongly Agree,Strongly Agree,Strongly Agree,Agree,Agree,Agree,Agree,Disagree,Disagree,Neutral,Agree,Agree,Strongly Agree,Strongly Agree,Strongly Agree,Agree,Agree,UoN- Cybersecurity chatbot,Agree,Agree,Agree,Strongly Agree,Agree,Agree,Disagree,Strongly Agree,Strongly Disagree,Agree,Strongly Disagree,Agree,Disagree,Agree,Disagree,Agree,Disagree,Agree,Disagree,Agree,Disagree,Agree,,,Neutral,Agree,Neutral,Neutral,Neutral,Neutral,Agree,Agree,Agree,Agree,Agree,Agree,Agree,Agree,Disagree,Neutral,Neutral,Agree,Neutral,Agree,Neutral,Agree,Disagree,Agree,Agree,Agree,Neutral,Agree,NO,59.375
,,3,NH 12/11/2002,,,,,,,Agree,Neutral,Agree,Disagree,Agree,Neutral,Agree,Agree,Disagree,Agree,Disagree,Agree,Neutral,Agree,Agree,Agree,Neutral,Agree,AUTH- Medical History Chatbot,Neutral,Neutral,Agree,Agree,Agree,Neutral,Neutral,Agree,Disagree,Agree,Neutral,Agree,Disagree,Agree,Disagree,Agree,Disagree,Agree,Disagree,Agree,Disagree,Agree,,,Agree,Disagree,Agree,Agree,Disagree,Disagree,Agree,Agree,Agree,Agree,Disagree,Disagree,Disagree,Neutral,Agree,Neutral,Agree,Disagree,Disagree,Strongly Agree,Agree,Strongly Disagree,Agree,Agree,Agree,Neutral,Agree,Agree,YES,46.875
,,3,Za 01/01/2000,,,,,,,,,,,,,,,,,,,,,,,,,UoN- Cybersecurity chatbot,Agree,Neutral,Neutral,Neutral,Agree,Neutral,Neutral,Agree,Disagree,Agree,Disagree,Neutral,Neutral,Neutral,Neutral,Neutral,Disagree,Neutral,Neutral,Agree,Disagree,Agree,,,Neutral,Agree,Strongly Agree,Strongly Agree,Strongly Agree,Strongly Agree,Strongly Agree,Neutral,Strongly Agree,Strongly Agree,Strongly Agree,Strongly Agree,Strongly Agree,Strongly Agree,Strongly Agree,Strongly Agree,Strongly Agree,Strongly Agree,Agree,Disagree,Disagree,Strongly Agree,Agree,Agree,Neutral,Agree,Disagree,Disagree,YES,71.875
,,1,M.P. 22/02/2002,,,,,,,,,,,,,,,,,,,,,,,,,CYENS - Patient Chatbot,Agree,Disagree,Strongly Agree,Neutral,Strongly Agree,Neutral,Disagree,Strongly Agree,Neutral,Strongly Disagree,Agree,Agree,Disagree,Neutral,Strongly Agree,Strongly Agree,Disagree,Disagree,Neutral,Agree,Disagree,Strongly Agree,,,Agree,Disagree,Agree,Agree,Agree,Agree,Neutral,Neutral,Neutral,Neutral,Neutral,Neutral,Neutral,Agree,Neutral,Agree,Agree,Agree,Agree,Strongly Agree,Agree,Strongly Agree,Agree,Agree,Agree,Agree,Agree,Strongly Agree,YES,70.3125
,,1,Tz 06/08/2002,,,,,,,,,,,,,,,,,,,,,,,,,CYENS - Patient Chatbot,Agree,Agree,Agree,Agree,Agree,Agree,Strongly Disagree,Agree,Agree,Agree,Agree,Agree,Agree,Agree,Agree,Agree,Agree,Agree,Strongly Disagree,Agree,Disagree,Agree,,,Agree,Disagree,Agree,Agree,Strongly Agree,Neutral,Neutral,Agree,Neutral,Agree,Neutral,Neutral,Neutral,Agree,Agree,Strongly Agree,Agree,Strongly Agree,Strongly Agree,Neutral,Agree,Strongly Agree,Agree,Strongly Agree,Agree,Strongly Agree,Strongly Agree,Strongly Agree,YES,73.4375
,,2,J.N. 07/05/2003,,,,,,,,,,,,,,,,,,,,,,,,,CYENS - Patient Chatbot,Agree,Agree,Agree,Agree,Agree,Neutral,Agree,Agree,Disagree,Neutral,Neutral,Agree,Agree,Neutral,Neutral,Neutral,Neutral,Neutral,Neutral,Agree,Neutral,Neutral,,,Neutral,Neutral,Agree,Agree,Neutral,Neutral,Agree,Agree,Agree,Agree,Neutral,Neutral,Agree,Agree,Agree,Agree,Agree,Agree,Agree,Neutral,Neutral,Neutral,Agree,Agree,Neutral,Neutral,Neutral,Neutral,YES,64.0625
,,3,TP 11/07/2001,,,,,,,,,,,,,,,,,,,,,,,,,KI Neuroanatomy chatbot,Strongly Agree,Agree,Agree,Neutral,Agree,Neutral,Neutral,Neutral,Disagree,Neutral,Disagree,Agree,Disagree,Neutral,Disagree,Agree,Disagree,Neutral,Neutral,Agree,Disagree,Neutral,,,Disagree,Agree,Agree,Neutral,Agree,Agree,Neutral,Agree,Agree,Neutral,Neutral,Neutral,Neutral,Agree,Agree,Strongly Agree,Agree,Agree,Strongly Agree,Agree,Neutral,Neutral,Agree,Agree,Disagree,Agree,Agree,Agree,YES,68.75
,,4,Kk 01/08/1997,,,,,,,,,,,,,,,,,,,,,,,,,AUTH- Medical History Chatbot,Agree,Agree,Agree,Neutral,Agree,Disagree,Neutral,Agree,Strongly Disagree,Neutral,Neutral,Agree,Strongly Disagree,Agree,Disagree,Agree,Disagree,Neutral,Disagree,Agree,Disagree,Agree,,,Neutral,Neutral,Agree,Agree,Neutral,Agree,Agree,Agree,Agree,Agree,Agree,Neutral,Neutral,Agree,Agree,Neutral,Neutral,Agree,Agree,Agree,Neutral,Neutral,Agree,Agree,Agree,Agree,Agree,Agree,YES,56.25
,,4,M.P. 22/02/2002,,,,,,,,,,,,,,,,,,,,,,,,,AUTH- Medical History Chatbot,Agree,Strongly Agree,Agree,Neutral,Agree,Disagree,Neutral,Agree,Strongly Disagree,Agree,Disagree,Agree,Neutral,Agree,Neutral,Strongly Agree,Disagree,Neutral,Disagree,Strongly Agree,Strongly Disagree,Strongly Agree,,,Agree,Disagree,Agree,Neutral,Agree,Agree,Agree,Agree,Agree,Agree,Neutral,Neutral,Neutral,Agree,Agree,Agree,Agree,Agree,Neutral,Agree,Neutral,Neutral,Agree,Agree,Agree,Neutral,Neutral,Agree,NO,71.875
,,4,MA 15/04/2003,,,,,,,,,,,,,,,,,,,,,,,,,CYENS - Patient Chatbot,Agree,Neutral,Neutral,Disagree,Neutral,Agree,Agree,Agree,Disagree,Agree,Disagree,Agree,Disagree,Neutral,Agree,Neutral,Disagree,Strongly Disagree,Strongly Agree,Disagree,Agree,Agree,,,Agree,Agree,Neutral,Agree,Neutral,Neutral,Agree,Agree,Neutral,Agree,Neutral,Neutral,Neutral,Agree,Agree,Agree,Agree,Agree,Agree,Neutral,Neutral,Neutral,Agree,Agree,Agree,Neutral,Agree,Neutral,NO,76.5625
,,3,P.P 11/12/2002,,,,,,,,,,,,,,,,,,,,,,,,,AUTH- Medical History Chatbot,Agree,Agree,Strongly Agree,Agree,Agree,Neutral,Disagree,Agree,Disagree,Agree,Disagree,Agree,Disagree,Agree,Disagree,Agree,Disagree,Agree,Disagree,Neutral,Neutral,Agree,,,Neutral,Disagree,Agree,Agree,Agree,Agree,Agree,Agree,Agree,Agree,Neutral,Neutral,Neutral,Agree,Agree,Agree,Agree,Agree,Agree,Agree,Neutral,Neutral,Agree,Agree,Agree,Agree,Agree,Agree,YES,64.0625
,,3,SO 1/8/2002,,,,,,,,,,,,,,,,,,,,,,,,,KI Neuroanatomy chatbot,Disagree,Not Applicable,Disagree,Strongly Disagree,Neutral,Strongly Disagree,Neutral,Neutral,Neutral,Agree,Neutral,Disagree,Neutral,Disagree,Agree,Disagree,Neutral,Disagree,Agree,Neutral,Disagree,Disagree,,,Disagree,Agree,Neutral,Disagree,Agree,Neutral,Disagree,Agree,Agree,Neutral,Neutral,Neutral,Neutral,Agree,Neutral,Agree,Agree,Neutral,Agree,Agree,Neutral,Neutral,Agree,Neutral,Neutral,Neutral,Agree,Disagree,YES,60.9375
,,3,u7,,,,,,,Neutral,Agree,Agree,Agree,Agree,Neutral,Agree,Neutral,Disagree,Disagree,Disagree,Agree,Agree,Agree,Agree,Agree,Agree,Agree,CYENS - Patient Chatbot,Agree,Agree,Agree,Neutral,Neutral,Agree,Neutral,Agree,Disagree,Agree,Disagree,Agree,Disagree,Neutral,Disagree,Agree,Neutral,Neutral,Agree,Agree,Disagree,Agree,,,Neutral,Disagree,Neutral,Agree,Neutral,Neutral,Agree,Agree,Agree,Agree,Neutral,Neutral,Neutral,Agree,Agree,Agree,Agree,Agree,Agree,Agree,Agree,Neutral,Agree,Agree,Agree,Agree,Agree,Neutral,YES,50
,,3,y4,,,,,,,,,,,,,,,,,,,,,,,,,AUTH- Medical History Chatbot,Agree,Strongly Agree,Strongly Agree,Neutral,Agree,Agree,Disagree,Agree,Disagree,Agree,Strongly Disagree,Neutral,Disagree,Agree,Disagree,Agree,Strongly Disagree,Agree,Disagree,Strongly Agree,Disagree,Agree,,,Neutral,Neutral,Disagree,Neutral,Neutral,Neutral,Agree,Neutral,Agree,Agree,Disagree,Disagree,Disagree,Neutral,Agree,Neutral,Agree,Agree,Neutral,Agree,Agree,Neutral,Agree,Agree,Agree,Agree,Agree,Neutral,YES,60.9375
,,1,MC 14/03/2001,,,,,,,,,,,,,,,,,,,,,,,,,CYENS - Patient Chatbot,Agree,Agree,Agree,Agree,Agree,Disagree,Agree,Agree,Disagree,Strongly Agree,Disagree,Agree,Disagree,Disagree,Agree,Disagree,Agree,Agree,Agree,Disagree,Disagree,Disagree,,,Neutral,Disagree,Agree,Agree,Agree,Agree,Neutral,Neutral,Agree,Neutral,Agree,Agree,Agree,Neutral,Neutral,Disagree,Neutral,Agree,Agree,Agree,Agree,Neutral,Agree,Agree,Agree,Agree,Agree,Agree,YES,62.5
,,3,o9,,,,,,,,,,,,,,,,,,,,,,,,,AUTH- Medical History Chatbot,Strongly Agree,Strongly Agree,Strongly Agree,Strongly Agree,Agree,Agree,Agree,Strongly Agree,Strongly Agree,Strongly Agree,Strongly Agree,Strongly Agree,Disagree,Strongly Agree,Disagree,Strongly Agree,Strongly Agree,Strongly Agree,Disagree,Agree,Disagree,Strongly Agree,,,Disagree,Agree,Neutral,Disagree,Neutral,Disagree,Agree,Neutral,Neutral,Disagree,Agree,Agree,Agree,Neutral,Neutral,Agree,Agree,Neutral,Neutral,Agree,Agree,Neutral,Agree,Neutral,Agree,Agree,Agree,Agree,YES,68.75
,,2,ES 04/04/1988,,,,,,,,,,,,,,,,,,,,,,,,,CYENS - Patient Chatbot,Disagree,Neutral,Agree,Strongly Disagree,Agree,Agree,Disagree,Strongly Agree,Disagree,Strongly Agree,Disagree,Disagree,Strongly Agree,Disagree,Agree,Disagree,Disagree,Strongly Disagree,Agree,Disagree,Neutral,Disagree,,,Agree,Disagree,Agree,Agree,Agree,Agree,Agree,Agree,Agree,Agree,Agree,Agree,Agree,Neutral,Neutral,Neutral,Neutral,Agree,Agree,Agree,Agree,Neutral,Agree,Agree,Agree,Agree,Agree,Agree,YES,60.9375
,,2,JA 24/03/1999,,,,,,,Agree,Agree,Agree,Agree,Neutral,Neutral,Disagree,Neutral,Strongly Disagree,Disagree,Agree,Neutral,Disagree,Neutral,Agree,Neutral,Agree,Disagree,AUTH- Medical History Chatbot,Strongly Agree,Agree,Agree,Strongly Agree,Strongly Agree,Strongly Agree,Disagree,Agree,Strongly Disagree,Strongly Agree,Strongly Disagree,Strongly Agree,Disagree,Neutral,Neutral,Strongly Agree,Strongly Disagree,Strongly Agree,Disagree,Agree,Disagree,Agree,,,Agree,Strongly Disagree,Agree,Agree,Agree,Agree,Agree,Agree,Agree,Agree,Neutral,Neutral,Neutral,Agree,Agree,Agree,Agree,Agree,Agree,Agree,Agree,Neutral,Agree,Agree,Agree,Agree,Agree,Agree,NO,
,,2,666,,,,,,,,,,,,,,,,,,,,,,,,,KI Neuroanatomy chatbot,Agree,Agree,Agree,Strongly Agree,Strongly Agree,Strongly Agree,Disagree,Strongly Agree,Strongly Disagree,Strongly Agree,Strongly Disagree,Strongly Agree,Strongly Disagree,Strongly Agree,Strongly Disagree,Strongly Agree,Strongly Disagree,Strongly Agree,Disagree,Strongly Agree,Strongly Disagree,Agree,,,Agree,Disagree,Agree,Neutral,Neutral,Neutral,Strongly Agree,Neutral,Agree,Neutral,Strongly Disagree,Strongly Disagree,Disagree,Neutral,Neutral,Agree,Neutral,Agree,Agree,Agree,Agree,Neutral,Agree,Agree,Strongly Agree,Agree,Neutral,Neutral,NO,79.6875
,,2,J.N. 07/05/2003,,,,,,,,,,,,,,,,,,,,,,,,,CYENS - Patient Chatbot,Agree,Neutral,Neutral,Neutral,Agree,Agree,Agree,Agree,Disagree,Agree,Disagree,Agree,Disagree,Agree,Disagree,Agree,Disagree,Neutral,Neutral,Agree,Disagree,Neutral,,,Disagree,Disagree,Neutral,Disagree,Agree,Agree,Agree,Neutral,Agree,Agree,Neutral,Neutral,Neutral,Agree,Agree,Agree,Agree,Agree,Neutral,Neutral,Neutral,Disagree,Agree,Agree,Agree,Neutral,Agree,Agree,YES,70.3125
,,4,Kk 01/08/1997,,,,,,,,,,,,,,,,,,,,,,,,,AUTH- Medical History Chatbot,Agree,Neutral,Agree,Agree,Neutral,Neutral,Disagree,Agree,Disagree,Agree,Neutral,Disagree,Disagree,Agree,Neutral,Agree,Disagree,Neutral,Disagree,Agree,Disagree,Neutral,,,Neutral,Strongly Disagree,Agree,Agree,Strongly Agree,Agree,Agree,Agree,Agree,Neutral,Neutral,Neutral,Agree,Agree,Agree,Agree,Agree,Agree,Agree,Neutral,Disagree,Disagree,Agree,Agree,Agree,Neutral,Agree,Neutral,NO,53.125
,,1,J.N. 07/05/2003,,,,,,,,,,,,,,,,,,,,,,,,,AUTH- Medical History Chatbot,Agree,Strongly Agree,Agree,Agree,Strongly Agree,Agree,Disagree,Agree,Strongly Disagree,Strongly Agree,Disagree,Strongly Agree,Disagree,Agree,Strongly Disagree,Agree,Strongly Disagree,Agree,Disagree,Strongly Agree,Strongly Disagree,Agree,,,Neutral,Neutral,Agree,Neutral,Disagree,Agree,Disagree,Agree,Neutral,Agree,Neutral,Neutral,Neutral,Disagree,Neutral,Agree,Disagree,Neutral,Neutral,Neutral,Disagree,Disagree,Agree,Neutral,Agree,Disagree,Neutral,Neutral,YES,67.1875
,,1,H.M. 1/4/2003,,,,,,,,,,,,,,,,,,,,,,,,,CYENS - Patient Chatbot,Agree,Neutral,Neutral,Neutral,Neutral,Neutral,Neutral,Agree,Disagree,Agree,Neutral,Agree,Disagree,Neutral,Agree,Agree,Neutral,Neutral,Neutral,Agree,Disagree,Neutral,,,Neutral,Disagree,Neutral,Neutral,Neutral,Neutral,Agree,Agree,Agree,Agree,Disagree,Disagree,Disagree,Neutral,Agree,Agree,Neutral,Neutral,Disagree,Neutral,Disagree,Disagree,Agree,Neutral,Neutral,Disagree,Neutral,Neutral,YES,62.5
,,3,rr,,,,,,,,,,,,,,,,,,,,,,,,,UoN- Cybersecurity chatbot,Agree,Disagree,Disagree,Disagree,Neutral,Agree,Agree,Agree,Strongly Disagree,Disagree,Neutral,Neutral,Strongly Disagree,Disagree,Agree,Disagree,Agree,Strongly Agree,Strongly Disagree,Agree,Disagree,Agree,,,Agree,Agree,Strongly Agree,Agree,Agree,Agree,Agree,Agree,Agree,Agree,Neutral,Agree,Neutral,Agree,Strongly Agree,Strongly Agree,Agree,Strongly Agree,Agree,Agree,Neutral,Agree,Agree,Agree,Strongly Agree,Agree,Agree,Agree,YES,45.3125
,,3,o8,,,,,,,Strongly Agree,Strongly Agree,Strongly Agree,Agree,Agree,Agree,Agree,Agree,Agree,Agree,Neutral,Agree,Agree,Agree,Agree,Agree,Agree,Agree,CYENS - Patient Chatbot,Strongly Agree,Strongly Agree,Agree,Agree,Agree,Agree,Disagree,Strongly Agree,Agree,Agree,Strongly Disagree,Agree,Strongly Disagree,Agree,Disagree,Agree,Agree,Agree,Agree,Agree,Disagree,Strongly Agree,,,Agree,Disagree,Agree,Agree,Neutral,Agree,Agree,Agree,Agree,Agree,Neutral,Neutral,Agree,Agree,Agree,Agree,Agree,Agree,Agree,Agree,Neutral,Agree,Agree,Agree,Agree,Agree,Agree,Agree,NO,68.75
,,3,rr,,,,,,,,,,,,,,,,,,,,,,,,,KI Neuroanatomy chatbot,Strongly Agree,Strongly Agree,Strongly Agree,Agree,Strongly Agree,Neutral,Neutral,Agree,Disagree,Strongly Agree,Disagree,Strongly Agree,Neutral,Agree,Disagree,Strongly Agree,Disagree,Neutral,Disagree,Agree,Strongly Disagree,Agree,,,Agree,Disagree,Agree,Neutral,Agree,Neutral,Agree,Agree,Agree,Agree,Neutral,Neutral,Neutral,Agree,Agree,Agree,Agree,Agree,Agree,Neutral,Neutral,Agree,Agree,Agree,Agree,Agree,Agree,Agree,NO,64.0625
,,3,u7,,,,,,,,,,,,,,,,,,,,,,,,,KI Neuroanatomy chatbot,Agree,Agree,Agree,Agree,Agree,Neutral,Agree,Disagree,Neutral,Agree,Disagree,Agree,Disagree,Neutral,Neutral,Agree,Disagree,Agree,Neutral,Agree,Disagree,Agree,,,Neutral,Neutral,Neutral,Neutral,Neutral,Agree,Agree,Agree,Agree,Agree,Not Applicable,Not Applicable,Not Applicable,Neutral,Neutral,Agree,Neutral,Neutral,Neutral,Agree,Neutral,Agree,Agree,Neutral,Agree,Neutral,Agree,Agree,NO,75
,,4,MT 29/06/1998,,,,,,,,,,,,,,,,,,,,,,,,,UoN- Cybersecurity chatbot,Agree,Agree,Agree,Agree,Agree,Agree,Neutral,Neutral,Disagree,Agree,Neutral,Agree,Neutral,Agree,Neutral,Agree,Disagree,Neutral,Neutral,Agree,Disagree,Agree,,,Neutral,Disagree,Neutral,Agree,Agree,Agree,Agree,Agree,Neutral,Agree,Neutral,Neutral,Neutral,Neutral,Agree,Agree,Agree,Agree,Agree,Agree,Neutral,Agree,Agree,Agree,Agree,Agree,Agree,Agree,YES,90.625
,,2,K G 02/01/2002,,,,,,,,,,,,,,,,,,,,,,,,,AUTH- Medical History Chatbot,Agree,Agree,Agree,Agree,Agree,Agree,Disagree,Agree,Disagree,Agree,Disagree,Agree,Disagree,Agree,Disagree,Agree,Disagree,Agree,Disagree,Agree,Disagree,Agree,,,Agree,Neutral,Agree,Agree,Agree,Agree,Agree,Agree,Neutral,Agree,Agree,Neutral,Neutral,Neutral,Neutral,Agree,Agree,Agree,Agree,Agree,Neutral,Agree,Agree,Agree,Agree,Agree,Agree,Agree,YES,56.25
,,3,So 1/8/2002,,,,,,,,,,,,,,,,,,,,,,,,,AUTH- Medical History Chatbot,Agree,Neutral,Neutral,Agree,Agree,Neutral,Neutral,Agree,Disagree,Neutral,Agree,Agree,Disagree,Agree,Neutral,Agree,Disagree,Agree,Disagree,Strongly Agree,Strongly Disagree,Strongly Disagree,,,Neutral,Disagree,Neutral,Neutral,Agree,Neutral,Agree,Agree,Agree,Agree,Neutral,Neutral,Neutral,Agree,Agree,Agree,Agree,Agree,Agree,Agree,Neutral,Agree,Agree,Neutral,Agree,Agree,Disagree,Agree,YES,59.375
,,2,ED2310,,,,,,,,,,,,,,,,,,,,,,,,,CYENS - Patient Chatbot,Agree,Neutral,Neutral,Agree,Strongly Agree,Agree,Neutral,Agree,Disagree,Disagree,Agree,Neutral,Disagree,Agree,Neutral,Neutral,Disagree,Neutral,Neutral,Agree,Disagree,Agree,,,Neutral,Disagree,Disagree,Agree,Disagree,Disagree,Agree,Disagree,Disagree,Agree,Neutral,Neutral,Agree,Agree,Disagree,Agree,Agree,Neutral,Agree,Agree,Neutral,Agree,Agree,Agree,Neutral,Neutral,Agree,Agree,YES,71.875
,,2,ES 04/04/1988,,,,,,,,,,,,,,,,,,,,,,,,,CYENS - Patient Chatbot,Neutral,Agree,Agree,Agree,Neutral,Agree,Disagree,Agree,Disagree,Agree,Disagree,Agree,Disagree,Agree,Disagree,Agree,Disagree,Disagree,Neutral,Agree,Disagree,Agree,,,Neutral,Disagree,Agree,Agree,Neutral,Strongly Disagree,Agree,Neutral,Agree,Agree,Neutral,Neutral,Neutral,Neutral,Neutral,Agree,Agree,Strongly Agree,Strongly Agree,Strongly Disagree,Agree,Agree,Agree,Strongly Agree,Strongly Agree,Agree,Agree,Agree,YES,78.125
,,2,K G 02/01/2002,,,,,,,,,,,,,,,,,,,,,,,,,KI Neuroanatomy chatbot,Neutral,Disagree,Agree,Disagree,Agree,Neutral,Agree,Strongly Agree,Strongly Disagree,Disagree,Strongly Disagree,Agree,Strongly Disagree,Disagree,Agree,Disagree,Strongly Disagree,Agree,Strongly Disagree,Strongly Agree,Strongly Disagree,Strongly Agree,,,Agree,Neutral,Strongly Agree,Agree,Strongly Agree,Agree,Strongly Agree,Agree,Agree,Agree,Neutral,Neutral,Neutral,Agree,Agree,Agree,Agree,Agree,Strongly Agree,Agree,Agree,Agree,Agree,Agree,Agree,Agree,Agree,Agree,YES,73.4375
,,4,K G 02/01/2002,,,,,,,,,,,,,,,,,,,,,,,,,KI Neuroanatomy chatbot,Agree,Agree,Agree,Agree,Agree,Agree,Disagree,Neutral,Disagree,Agree,Disagree,Agree,Disagree,Agree,Disagree,Agree,Agree,Neutral,Disagree,Agree,Disagree,Agree,,,Neutral,Neutral,Neutral,Agree,Agree,Neutral,Agree,Agree,Neutral,Neutral,Neutral,Neutral,Agree,Agree,Agree,Agree,Agree,Agree,Agree,Agree,Agree,Agree,Agree,Agree,Agree,Agree,Agree,Neutral,YES,64.0625
,,4,Kk 01/08/1997,,,,,,,,,,,,,,,,,,,,,,,,,CYENS - Patient Chatbot,Agree,Agree,Agree,Neutral,Neutral,Agree,Neutral,Agree,Strongly Disagree,Neutral,Neutral,Agree,Disagree,Agree,Disagree,Agree,Disagree,Neutral,Disagree,Agree,Disagree,Agree,,,Neutral,Neutral,Neutral,Neutral,Neutral,Agree,Agree,Agree,Agree,Agree,Neutral,Neutral,Agree,Strongly Agree,Agree,Strongly Agree,Agree,Agree,Agree,Agree,Agree,Agree,Agree,Agree,Agree,Neutral,Neutral,Agree,YES,53.125
,,3,y4,,,,,,,Agree,Neutral,Neutral,Neutral,Agree,Neutral,Agree,Neutral,Agree,Neutral,Agree,Agree,Neutral,Agree,Neutral,Agree,Agree,Agree,UoN- Cybersecurity chatbot,Disagree,Neutral,Neutral,Disagree,Neutral,Neutral,Disagree,Agree,Neutral,Agree,Neutral,Neutral,Neutral,Disagree,Agree,Neutral,Neutral,Disagree,Neutral,Neutral,Disagree,Agree,,,Agree,Strongly Disagree,Strongly Agree,Strongly Agree,Agree,Agree,Agree,Agree,Strongly Agree,Strongly Agree,Strongly Agree,Agree,Agree,Agree,Agree,Agree,Agree,Agree,Agree,Neutral,Agree,Agree,Agree,Agree,Agree,Agree,Agree,Agree,YES,46.875
,,2,ES 04/04/1988,,,,,,,,,,,,,,,,,,,,,,,,,KI Neuroanatomy chatbot,Strongly Agree,Strongly Agree,Agree,Strongly Agree,Agree,Agree,Disagree,Strongly Agree,Disagree,Strongly Agree,Disagree,Agree,Disagree,Agree,Disagree,Strongly Agree,Disagree,Agree,Disagree,Agree,Disagree,Agree,,,Neutral,Neutral,Neutral,Neutral,Agree,Neutral,Agree,Neutral,Agree,Neutral,Disagree,Disagree,Neutral,Agree,Agree,Agree,Neutral,Agree,Neutral,Agree,Agree,Agree,Agree,Agree,Agree,Neutral,Neutral,Agree,YES,78.125
,,2,K G 02/01/2002,,,,,,,Strongly Agree,Strongly Agree,Strongly Agree,Neutral,Agree,Neutral,Agree,Agree,Neutral,Agree,Neutral,Disagree,Neutral,Agree,Strongly Agree,Strongly Agree,Strongly Agree,Strongly Agree,CYENS - Patient Chatbot,Strongly Agree,Agree,Agree,Agree,Strongly Agree,Agree,Neutral,Neutral,Strongly Disagree,Agree,Disagree,Agree,Disagree,Agree,Disagree,Agree,Disagree,Agree,Disagree,Agree,Disagree,Agree,,,Agree,Disagree,Agree,Agree,Strongly Agree,Agree,Agree,Agree,Agree,Agree,Neutral,Neutral,Agree,Agree,Agree,Agree,Agree,Agree,Agree,Agree,Agree,Agree,Agree,Strongly Agree,Agree,Agree,Agree,Strongly Agree,YES,56.25
,,4,MA 15/04/2003,,,,,,,,,,,,,,,,,,,,,,,,,UoN- Cybersecurity chatbot,Agree,Agree,Strongly Agree,Agree,Strongly Agree,Strongly Agree,Disagree,Strongly Agree,Strongly Disagree,Neutral,Disagree,Agree,Neutral,Agree,Disagree,Agree,Disagree,Agree,Disagree,Agree,Disagree,Agree,,,Agree,Agree,Agree,Agree,Agree,Agree,Neutral,Neutral,Agree,Agree,Agree,Agree,Agree,Agree,Neutral,Neutral,Agree,Agree,Agree,Agree,Agree,Agree,Agree,Agree,Agree,Agree,Agree,Agree,YES,46.875
,,3,NH 12/11/2002,,,,,,,Agree,Agree,Agree,Agree,Agree,Agree,Neutral,Neutral,Neutral,Neutral,Neutral,Neutral,Disagree,Agree,Agree,Agree,Agree,Strongly Agree,UoN- Cybersecurity chatbot,Strongly Agree,Agree,Strongly Agree,Agree,Agree,Agree,Neutral,Agree,Neutral,Strongly Agree,Strongly Disagree,Agree,Agree,Neutral,Agree,Agree,Agree,Agree,Disagree,Agree,Disagree,Agree,,,Agree,Disagree,Agree,Agree,Agree,Agree,Agree,Agree,Agree,Agree,Agree,Agree,Agree,Agree,Agree,Agree,Agree,Agree,Agree,Agree,Agree,Agree,Agree,Agree,Agree,Agree,Neutral,Agree,YES,64.0625
,,1,o9,,,,,,,,,,,,,,,,,,,,,,,,,KI Neuroanatomy chatbot,Agree,Agree,Agree,Strongly Agree,Agree,Agree,Neutral,Agree,Disagree,Agree,Disagree,Agree,Disagree,Agree,Disagree,Agree,Disagree,Agree,Disagree,Agree,Disagree,Agree,,,Agree,Disagree,Agree,Agree,Agree,Agree,Disagree,Agree,Agree,Neutral,Disagree,Disagree,Disagree,Agree,Disagree,Disagree,Agree,Agree,Disagree,Agree,Agree,Agree,Agree,Agree,Agree,Disagree,Agree,Agree,NO,40.625
,,2,E.K 25/09/2003,,,,,,,,,,,,,,,,,,,,,,,,,AUTH- Medical History Chatbot,Agree,Agree,Agree,Agree,Agree,Neutral,Neutral,Agree,Disagree,Agree,Disagree,Neutral,Disagree,Neutral,Disagree,Agree,Agree,Neutral,Disagree,Neutral,Disagree,Agree,,,Disagree,Agree,Agree,Agree,Agree,Agree,Agree,Agree,Agree,Disagree,Disagree,Disagree,Disagree,Disagree,Disagree,Agree,Agree,Agree,Disagree,Agree,Agree,Agree,Agree,Agree,Agree,Disagree,Agree,Disagree,NO,65.625
,,2,JA 24/03/1999,,,,,,,Agree,Neutral,Neutral,Neutral,Agree,Does not apply,Does not apply,Neutral,Neutral,Neutral,Disagree,Disagree,Disagree,Neutral,Neutral,Agree,Agree,Agree,UoN- Cybersecurity chatbot,Agree,Agree,Agree,Agree,Agree,Neutral,Neutral,Agree,Disagree,Agree,Neutral,Agree,Disagree,Neutral,Neutral,Agree,Neutral,Neutral,Disagree,Strongly Agree,Disagree,Agree,,,Neutral,Disagree,Agree,Agree,Agree,Agree,Agree,Agree,Agree,Agree,Agree,Neutral,Neutral,Agree,Agree,Agree,Agree,Agree,Agree,Agree,Agree,Agree,Agree,Agree,Agree,Agree,Agree,Agree,YES,54.6875
,,3,ww,,,,,,,,,,,,,,,,,,,,,,,,,CYENS - Patient Chatbot,Agree,Neutral,Agree,Disagree,Agree,Disagree,Agree,Neutral,Agree,Agree,Disagree,Disagree,Disagree,Disagree,Neutral,Agree,Disagree,Agree,Disagree,Neutral,Agree,Agree,,,Agree,Disagree,Neutral,Agree,Agree,Agree,Agree,Agree,Strongly Agree,Strongly Agree,Neutral,Neutral,Agree,Strongly Agree,Strongly Agree,Agree,Agree,Agree,Agree,Neutral,Agree,Agree,Agree,Agree,Agree,Agree,Agree,Strongly Agree,YES,89.0625
,,2,gg,,,,,,,,,,,,,,,,,,,,,,,,,KI Neuroanatomy chatbot,Agree,Strongly Agree,Strongly Agree,Strongly Agree,Strongly Agree,Agree,Disagree,Agree,Disagree,Agree,Agree,Agree,Disagree,Agree,Agree,Agree,Disagree,Agree,Disagree,Agree,Disagree,Agree,,,Agree,Agree,Agree,Agree,Agree,Agree,Agree,Agree,Agree,Agree,Neutral,Neutral,Neutral,Neutral,Agree,Agree,Agree,Agree,Agree,Neutral,Agree,Agree,Agree,Agree,Agree,Agree,Agree,Agree,YES,50
,,3,P.P 11/12/2002,,,,,,,,,,,,,,,,,,,,,,,,,CYENS - Patient Chatbot,Agree,Neutral,Neutral,Agree,Agree,Neutral,Neutral,Disagree,Disagree,Agree,Disagree,Agree,Disagree,Neutral,Disagree,Agree,Neutral,Agree,Disagree,Agree,Disagree,Agree,,,Agree,Agree,Agree,Agree,Agree,Agree,Agree,Agree,Agree,Agree,Agree,Agree,Agree,Agree,Agree,Agree,Agree,Strongly Agree,Strongly Agree,Agree,Agree,Agree,Agree,Strongly Agree,Agree,Agree,Agree,Agree,YES,73.4375
,,2,bb4,,,,,,,,,,,,,,,,,,,,,,,,,CYENS - Patient Chatbot,Disagree,Disagree,Disagree,Strongly Disagree,Neutral,Disagree,Strongly Agree,Strongly Agree,Strongly Disagree,Agree,Strongly Disagree,Agree,Disagree,Disagree,Strongly Agree,Disagree,Disagree,Agree,Disagree,Agree,Strongly Disagree,Strongly Agree,,,Agree,Disagree,Agree,Agree,Agree,Neutral,Neutral,Agree,Agree,Neutral,Neutral,Agree,Neutral,Neutral,Neutral,Agree,Agree,Agree,Strongly Agree,Agree,Agree,Agree,Agree,Strongly Agree,Agree,Agree,Agree,Agree,YES,84.375
,,2,E.G 01/10/1968,,,,,,,,,,,,,,,,,,,,,,,,,CYENS - Patient Chatbot,Agree,Disagree,Agree,Disagree,Agree,Agree,Agree,Agree,Disagree,Neutral,Neutral,Agree,Disagree,Agree,Neutral,Agree,Disagree,Neutral,Neutral,Agree,Disagree,Agree,,,Agree,Disagree,Agree,Agree,Agree,Agree,Neutral,Agree,Agree,Agree,Neutral,Neutral,Neutral,Agree,Neutral,Neutral,Agree,Agree,Agree,Agree,Agree,Agree,Agree,Agree,Agree,Agree,Agree,Agree,YES,65.625
,,2,E.K 25/09/2003,,,,,,,,,,,,,,,,,,,,,,,,,KI Neuroanatomy chatbot,Agree,Agree,Agree,Neutral,Strongly Agree,Neutral,Agree,Agree,Disagree,Agree,Strongly Disagree,Neutral,Disagree,Disagree,Agree,Neutral,Agree,Not Applicable,Not Applicable,Agree,Disagree,Agree,,,Agree,Agree,Agree,Agree,Agree,Agree,Agree,Agree,Agree,Agree,Neutral,Neutral,Neutral,Agree,Agree,Agree,Agree,Agree,Agree,Agree,Agree,Agree,Agree,Agree,Agree,Agree,Agree,Agree,YES,64.0625
,,2,ED2310,,,,,,,Agree,Strongly Agree,Neutral,Agree,Agree,Neutral,Agree,Strongly Agree,Neutral,Agree,Neutral,Neutral,Agree,Agree,Strongly Agree,Strongly Agree,Agree,Strongly Agree,KI Neuroanatomy chatbot,Agree,Agree,Neutral,Agree,Agree,Agree,Agree,Agree,Disagree,Agree,Agree,Agree,Neutral,Agree,Disagree,Agree,Agree,Neutral,Disagree,Agree,Disagree,Agree,,,Strongly Agree,Disagree,Agree,Agree,Agree,Agree,Strongly Agree,Strongly Agree,Strongly Agree,Strongly Agree,Agree,Agree,Agree,Agree,Agree,Agree,Agree,Strongly Agree,Agree,Neutral,Agree,Agree,Agree,Agree,Agree,Agree,Agree,Strongly Agree,NO,60.9375
,,2,ES 04/04/1988,,,,,,,,,,,,,,,,,,,,,,,,,CYENS - Patient Chatbot,Agree,Neutral,Neutral,Agree,Agree,Neutral,Neutral,Agree,Disagree,Agree,Disagree,Agree,Disagree,Agree,Disagree,Agree,Disagree,Agree,Neutral,Agree,Disagree,Agree,,,Neutral,Neutral,Agree,Disagree,Agree,Disagree,Agree,Agree,Neutral,Neutral,Disagree,Disagree,Disagree,Disagree,Disagree,Disagree,Disagree,Disagree,Neutral,Neutral,Agree,Agree,Agree,Agree,Agree,Agree,Agree,Agree,YES,75
,,2,Ev 31/07/1999,,,,,,,,,,,,,,,,,,,,,,,,,AUTH- Medical History Chatbot,Agree,Agree,Agree,Agree,Agree,Agree,Disagree,Agree,Strongly Disagree,Strongly Agree,Disagree,Agree,Strongly Disagree,Agree,Disagree,Agree,Disagree,Agree,Disagree,Agree,Disagree,Agree,,,Agree,Strongly Disagree,Agree,Agree,Agree,Agree,Agree,Agree,Agree,Agree,Agree,Neutral,Neutral,Agree,Agree,Neutral,Agree,Agree,Agree,Agree,Agree,Agree,Agree,Agree,Agree,Agree,Agree,Agree,NO,57.8125
,,2,Ev 31/07/1999,,,,,,,,,,,,,,,,,,,,,,,,,CYENS - Patient Chatbot,Disagree,Strongly Disagree,Disagree,Neutral,Disagree,Disagree,Strongly Agree,Disagree,Agree,Disagree,Disagree,Neutral,Agree,Strongly Disagree,Disagree,Disagree,Strongly Agree,Disagree,Agree,Disagree,Agree,Disagree,,,Neutral,Disagree,Agree,Agree,Agree,Agree,Agree,Agree,Agree,Agree,Agree,Neutral,Neutral,Agree,Agree,Agree,Agree,Agree,Agree,Agree,Agree,Agree,Agree,Agree,Agree,Agree,Agree,Agree,NO,64.0625
,,2,f1,,,,,,,,,,,,,,,,,,,,,,,,,AUTH- Medical History Chatbot,Agree,Agree,Agree,Agree,Agree,Agree,Disagree,Neutral,Neutral,Agree,Neutral,Neutral,Neutral,Disagree,Neutral,Disagree,Disagree,Agree,Neutral,Agree,Agree,Neutral,,,Agree,Disagree,Agree,Agree,Agree,Agree,Agree,Strongly Agree,Agree,Agree,Agree,Agree,Agree,Agree,Agree,Agree,Neutral,Agree,Agree,Agree,Agree,Agree,Agree,Agree,Agree,Agree,Agree,Agree,NO,64.0625
,,2,gg,,,,,,,,,,,,,,,,,,,,,,,,,AUTH- Medical History Chatbot,Neutral,Disagree,Disagree,Agree,Agree,Agree,Neutral,Neutral,Disagree,Neutral,Disagree,Agree,Disagree,Agree,Disagree,Neutral,Disagree,Agree,Disagree,Agree,Disagree,Disagree,,,Neutral,Strongly Disagree,Neutral,Neutral,Agree,Agree,Agree,Agree,Agree,Agree,Agree,Agree,Agree,Agree,Agree,Agree,Agree,Agree,Agree,Agree,Agree,Agree,Agree,Agree,Agree,Agree,Agree,Agree,YES,54.6875
,,2,H.M. 1/4/2003,,,,,,,Agree,Agree,Agree,Agree,Neutral,Agree,Agree,Neutral,Neutral,Neutral,Neutral,Agree,Agree,Agree,Agree,Agree,Agree,Agree,UoN- Cybersecurity chatbot,Agree,Agree,Agree,Neutral,Agree,Agree,Neutral,Agree,Disagree,Agree,Disagree,Agree,Disagree,Neutral,Neutral,Agree,Neutral,Neutral,Disagree,Agree,Disagree,Disagree,,,Neutral,Strongly Agree,Agree,Agree,Strongly Disagree,Agree,Strongly Agree,Strongly Agree,Strongly Agree,Strongly Agree,Agree,Agree,Agree,Strongly Agree,Strongly Agree,Strongly Agree,Agree,Agree,Strongly Agree,Neutral,Agree,Agree,Agree,Agree,Agree,Neutral,Agree,Agree,YES,79.6875
,,2,H.M. 1/4/2003,,,,,,,Neutral,Disagree,Disagree,Disagree,Disagree,Agree,Agree,Neutral,Neutral,Neutral,Neutral,Disagree,Neutral,Agree,Disagree,Agree,Agree,Agree,CYENS - Patient Chatbot,Agree,Neutral,Disagree,Disagree,Agree,Disagree,Agree,Agree,Disagree,Agree,Disagree,Neutral,Disagree,Neutral,Neutral,Agree,Disagree,Agree,Disagree,Agree,Disagree,Neutral,,,Agree,Agree,Agree,Agree,Agree,Agree,Agree,Agree,Agree,Agree,Agree,Agree,Agree,Agree,Agree,Agree,Agree,Agree,Agree,Agree,Agree,Agree,Agree,Neutral,Agree,Agree,Agree,Agree,YES,65.625
,,2,JA 24/03/1999,,,,,,,,,,,,,,,,,,,,,,,,,AUTH- Medical History Chatbot,Strongly Agree,Agree,Strongly Agree,Strongly Agree,Agree,Strongly Agree,Disagree,Strongly Agree,Strongly Disagree,Neutral,Neutral,Strongly Agree,Disagree,Agree,Neutral,Agree,Disagree,Neutral,Agree,Strongly Agree,Disagree,Strongly Agree,,,Strongly Disagree,Not Applicable,Neutral,Disagree,Disagree,Agree,Agree,Neutral,Agree,Agree,Neutral,Agree,Neutral,Agree,Agree,Agree,Agree,Agree,Agree,Agree,Agree,Agree,Agree,Agree,Agree,Agree,Agree,Agree,YES,62.5
,,2,JA 24/03/1999,,,,,,,Agree,Agree,Agree,Neutral,Neutral,Disagree,Neutral,Agree,Neutral,Neutral,Neutral,Agree,Agree,Strongly Agree,Disagree,Neutral,Disagree,Strongly Agree,AUTH- Medical History Chatbot,Strongly Agree,Agree,Strongly Agree,Agree,Strongly Agree,Agree,Disagree,Agree,Disagree,Agree,Disagree,Agree,Neutral,Agree,Disagree,Agree,Disagree,Agree,Disagree,Strongly Agree,Disagree,Disagree,,,Agree,Disagree,Agree,Neutral,Agree,Agree,Strongly Agree,Agree,Agree,Agree,Neutral,Neutral,Neutral,Agree,Agree,Agree,Agree,Agree,Agree,Agree,Agree,Agree,Agree,Agree,Agree,Neutral,Neutral,Agree,YES,51.5625
,,4,KE 19/10/2002,,,,,,,Neutral,Neutral,Agree,Agree,Agree,Does not apply,Does not apply,Strongly Agree,Neutral,Neutral,Neutral,Neutral,Neutral,Neutral,Agree,Agree,Agree,Neutral,AUTH- Medical History Chatbot,Disagree,Agree,Agree,Disagree,Neutral,Agree,Agree,Agree,Disagree,Agree,Disagree,Disagree,Disagree,Agree,Agree,Agree,Disagree,Agree,Disagree,Agree,Disagree,Agree,,,Agree,Disagree,Neutral,Agree,Agree,Agree,Agree,Agree,Agree,Agree,Neutral,Neutral,Neutral,Agree,Agree,Agree,Agree,Agree,Agree,Agree,Agree,Agree,Agree,Agree,Agree,Agree,Agree,Agree,NO,62.5
,,4,MA 15/04/2003,,,,,,,,,,,,,,,,,,,,,,,,,UoN- Cybersecurity chatbot,Disagree,Neutral,Neutral,Neutral,Neutral,Agree,Agree,Neutral,Neutral,Neutral,Neutral,Neutral,Agree,Neutral,Agree,Neutral,Agree,Neutral,Agree,Neutral,Neutral,Disagree,,,Neutral,Disagree,Not Applicable,Not Applicable,Not Applicable,Not Applicable,Agree,Agree,Agree,Neutral,Not Applicable,Neutral,Neutral,Agree,Agree,Agree,Agree,Agree,Agree,Agree,Agree,Agree,Agree,Agree,Agree,Agree,Agree,Agree,YES,62.5
,,4,MC 21/11/2002,,,,,,,,,,,,,,,,,,,,,,,,,AUTH- Medical History Chatbot,Agree,Neutral,Neutral,Agree,Agree,Disagree,Neutral,Agree,Strongly Disagree,Agree,Disagree,Agree,Neutral,Agree,Disagree,Agree,Disagree,Agree,Disagree,Agree,Disagree,Disagree,,,Neutral,Neutral,Agree,Neutral,Agree,Disagree,Agree,Agree,Agree,Agree,Strongly Disagree,Strongly Disagree,Strongly Disagree,Neutral,Agree,Agree,Agree,Agree,Agree,Neutral,Agree,Agree,Agree,Strongly Agree,Agree,Agree,Neutral,Neutral,NO,
,,3,NH 12/11/2002,,,,,,,,,,,,,,,,,,,,,,,,,AUTH- Medical History Chatbot,Agree,Agree,Strongly Agree,Agree,Agree,Neutral,Disagree,Agree,Disagree,Agree,Disagree,Agree,Disagree,Neutral,Disagree,Neutral,Disagree,Neutral,Disagree,Agree,Disagree,Agree,,,Neutral,Disagree,Agree,Agree,Agree,Agree,Agree,Agree,Agree,Agree,Neutral,Neutral,Neutral,Agree,Neutral,Agree,Agree,Agree,Neutral,Agree,Agree,Agree,Agree,Agree,Agree,Agree,Agree,Agree,YES,
,,3,nn,,,,,,,Agree,Agree,Agree,Agree,Agree,Agree,Strongly Agree,Strongly Agree,Agree,Agree,Agree,Strongly Agree,Strongly Agree,Agree,Agree,Strongly Agree,Strongly Agree,Strongly Agree,CYENS - Patient Chatbot,Strongly Disagree,Disagree,Disagree,Neutral,Neutral,Neutral,Agree,Strongly Agree,Strongly Disagree,Agree,Disagree,Disagree,Disagree,Disagree,Strongly Agree,Neutral,Neutral,Strongly Agree,Strongly Disagree,Agree,Strongly Disagree,Agree,,,Disagree,Disagree,Neutral,Agree,Agree,Neutral,Agree,Agree,Agree,Agree,Agree,Disagree,Neutral,Neutral,Agree,Neutral,Disagree,Strongly Agree,Agree,Strongly Agree,Agree,Agree,Agree,Disagree,Disagree,Agree,Disagree,Agree,YES,60.9375
,,3,SO 1/8/2002,,,,,,,,,,,,,,,,,,,,,,,,,KI Neuroanatomy chatbot,Strongly Agree,Strongly Agree,Agree,Agree,Agree,Neutral,Neutral,Agree,Disagree,Agree,Agree,Agree,Disagree,Agree,Disagree,Agree,Disagree,Agree,Neutral,Agree,Disagree,Agree,,,Neutral,Agree,Neutral,Disagree,Disagree,Disagree,Neutral,Neutral,Neutral,Neutral,Neutral,Neutral,Neutral,Neutral,Neutral,Neutral,Disagree,Neutral,Agree,Neutral,Agree,Agree,Agree,Agree,Neutral,Neutral,Agree,Agree,YES,85.9375
,,3,SO 1/8/2002,,,,,,,,,,,,,,,,,,,,,,,,,KI Neuroanatomy chatbot,Neutral,Strongly Agree,Agree,Agree,Agree,Neutral,Disagree,Agree,Strongly Disagree,Neutral,Disagree,Neutral,Disagree,Agree,Strongly Disagree,Neutral,Disagree,Agree,Disagree,Strongly Agree,Disagree,Neutral,,,Neutral,Disagree,Agree,Disagree,Disagree,Disagree,Neutral,Agree,Neutral,Neutral,Neutral,Disagree,Disagree,Disagree,Disagree,Neutral,Neutral,Neutral,Neutral,Neutral,Agree,Agree,Agree,Agree,Neutral,Agree,Agree,Agree,YES,76.5625
,,3,y6,,,,,,,,,,,,,,,,,,,,,,,,,AUTH- Medical History Chatbot,Agree,Neutral,Strongly Agree,Neutral,Agree,Agree,Neutral,Neutral,Disagree,Agree,Neutral,Neutral,Neutral,Agree,Neutral,Agree,Neutral,Neutral,Neutral,Agree,Neutral,Neutral,,,Disagree,Disagree,Agree,Agree,Neutral,Agree,Agree,Neutral,Agree,Agree,Agree,Agree,Agree,Agree,Disagree,Agree,Agree,Neutral,Agree,Neutral,Agree,Agree,Agree,Disagree,Neutral,Agree,Agree,Agree,YES,65.625
,,3,y6,,,,,,,,,,,,,,,,,,,,,,,,,CYENS - Patient Chatbot,Agree,Agree,Agree,Agree,Agree,Neutral,Neutral,Neutral,Disagree,Agree,Disagree,Agree,Disagree,Neutral,Not Applicable,Agree,Disagree,Neutral,Not Applicable,Agree,Disagree,Not Applicable,,,Agree,Strongly Disagree,Agree,Neutral,Agree,Agree,Strongly Agree,Strongly Agree,Strongly Agree,Agree,Neutral,Neutral,Neutral,Strongly Agree,Strongly Agree,Agree,Strongly Agree,Agree,Neutral,Strongly Agree,Agree,Agree,Agree,Agree,Neutral,Neutral,Agree,Strongly Agree,YES,64.0625
,,3,y6,,,,,,,,,,,,,,,,,,,,,,,,,KI Neuroanatomy chatbot,Agree,Agree,Neutral,Neutral,Agree,Neutral,Agree,Agree,Disagree,Strongly Agree,Strongly Disagree,Agree,Neutral,Agree,Strongly Disagree,Agree,Neutral,Neutral,Neutral,Strongly Agree,Strongly Disagree,Not Applicable,,,Strongly Agree,Agree,Neutral,Strongly Agree,Agree,Agree,Strongly Agree,Agree,Strongly Agree,Neutral,Agree,Agree,Strongly Agree,Neutral,Agree,Neutral,Strongly Agree,Agree,Agree,Agree,Agree,Agree,Agree,Agree,Strongly Agree,Neutral,Strongly Agree,Agree,NO,54.6875
,,1,ES 04/04/1988,,,,,,,,,,,,,,,,,,,,,,,,,CYENS - Patient Chatbot,Agree,Agree,Strongly Agree,Agree,Strongly Agree,Strongly Agree,Disagree,Agree,Strongly Disagree,Strongly Agree,Strongly Disagree,Strongly Agree,Strongly Disagree,Strongly Agree,Disagree,Strongly Agree,Disagree,Agree,Disagree,Strongly Agree,Disagree,Agree,,,Strongly Agree,Disagree,Strongly Agree,Strongly Agree,Strongly Agree,Neutral,Agree,Strongly Agree,Agree,Neutral,Neutral,Neutral,Neutral,Agree,Agree,Strongly Agree,Agree,Agree,Strongly Agree,Neutral,Agree,Agree,Agree,Strongly Agree,Strongly Agree,Strongly Agree,Strongly Agree,Strongly Agree,YES,62.5
,,,EN 25/07/1999,,,,,,,Agree,Agree,Agree,Agree,Agree,Neutral,Agree,Agree,Neutral,Neutral,Neutral,Neutral,Neutral,Agree,Agree,Agree,Agree,Agree,,,,,,,,,,,,,,,,,,,,,,,,,,,,,,,,,,,,,,,,,,,,,,,,,,,,,,,56.25
,,,ER 31/10/2000,,,,,,,,,,,,,,,,,,,,,,,,,,,,,,,,,,,,,,,,,,,,,,,,,,,,,,,,,,,,,,,,,,,,,,,,,,,,,,,51.5625
,,,ER 31/10/2000,,,,,,,,,,,,,,,,,,,,,,,,,,,,,,,,,,,,,,,,,,,,,,,,,,,,,,,,,,,,,,,,,,,,,,,,,,,,,,,84.375
,,,ER 31/10/2000,,,,,,,Agree,Neutral,Neutral,Agree,Agree,Agree,Agree,Neutral,Neutral,Neutral,Neutral,Neutral,Agree,Agree,Agree,Strongly Agree,Strongly Agree,Agree,,,,,,,,,,,,,,,,,,,,,,,,,,,,,,,,,,,,,,,,,,,,,,,,,,,,,,,70.3125
,,,ER 31/10/2000,,,,,,,Neutral,Neutral,Agree,Neutral,Agree,Agree,Agree,Agree,Neutral,Neutral,Neutral,Agree,Disagree,Agree,Disagree,Agree,Agree,Agree,,,,,,,,,,,,,,,,,,,,,,,,,,,,,,,,,,,,,,,,,,,,,,,,,,,,,,,64.0625
,,,f1,,,,,,,,,,,,,,,,,,,,,,,,,,,,,,,,,,,,,,,,,,,,,,,,,,,,,,,,,,,,,,,,,,,,,,,,,,,,,,,73.4375
,,,IT 20/07/1999,,,,,,,,,,,,,,,,,,,,,,,,,,,,,,,,,,,,,,,,,,,,,,,,,,,,,,,,,,,,,,,,,,,,,,,,,,,,,,,81.25
,,,KE 19/10/2002,,,,,,,,,,,,,,,,,,,,,,,,,,,,,,,,,,,,,,,,,,,,,,,,,,,,,,,,,,,,,,,,,,,,,,,,,,,,,,,81.25
,,,KE 19/10/2022,,,,,,,Agree,Neutral,Neutral,Agree,Agree,Neutral,Neutral,Neutral,Neutral,Neutral,Neutral,Agree,Neutral,Agree,Agree,Agree,Agree,Agree,,,,,,,,,,,,,,,,,,,,,,,,,,,,,,,,,,,,,,,,,,,,,,,,,,,,,,,76.5625
,,,M.P. 22/02/2002,,,,,,,Strongly Agree,Strongly Agree,Strongly Agree,Neutral,Agree,Neutral,Agree,Agree,Neutral,Agree,Neutral,Disagree,Neutral,Agree,Strongly Agree,Strongly Agree,Strongly Agree,Strongly Agree,,,,,,,,,,,,,,,,,,,,,,,,,,,,,,,,,,,,,,,,,,,,,,,,,,,,,,,70.3125
,,,M.P. 22/02/2002,,,,,,,,,,,,,,,,,,,,,,,,,,,,,,,,,,,,,,,,,,,,,,,,,,,,,,,,,,,,,,,,,,,,,,,,,,,,,,,65.625
,,,o8,,,,,,,,,,,,,,,,,,,,,,,,,,,,,,,,,,,,,,,,,,,,,,,,,,,,,,,,,,,,,,,,,,,,,,,,,,,,,,,48.4375
,,,Tz 06/08/2002,,,,,,,,,,,,,,,,,,,,,,,,,,,,,,,,,,,,,,,,,,,,,,,,,,,,,,,,,,,,,,,,,,,,,,,,,,,,,,,79.6875
,,,ZA 01/01/2000,,,,,,,,,,,,,,,,,,,,,,,,,,,,,,,,,,,,,,,,,,,,,,,,,,,,,,,,,,,,,,,,,,,,,,,,,,,,,,,84.375
,,,Za 01/01/2000,,,,,,,Agree,Neutral,Agree,Agree,Neutral,Disagree,Does not apply,Neutral,Neutral,Neutral,Neutral,Agree,Strongly Disagree,Neutral,Agree,Neutral,Neutral,Neutral,,,,,,,,,,,,,,,,,,,,,,,,,,,,,,,,,,,,,,,,,,,,,,,,,,,,,,,59.375
,,,Θ.Σ 15/07/2003,,,,,,,,,,,,,,,,,,,,,,,,,,,,,,,,,,,,,,,,,,,,,,,,,,,,,,,,,,,,,,,,,,,,,,,,,,,,,,,60.9375
,,,o8,,,,,,,,,,,,,,,,,,,,,,,,,,,,,,,,,,,,,,,,,,,,,,,,,,,,,,,,,,,,,,,,,,,,,,,,,,,,,,,53.125
,,,A.N. 31/08/2003,,,,,,,,,,,,,,,,,,,,,,,,,,,,,,,,,,,,,,,,,,,,,,,,,,,,,,,,,,,,,,,,,,,,,,,,,,,,,,,31.25
,,,A.N. 31/08/2003,,,,,,,,,,,,,,,,,,,,,,,,,,,,,,,,,,,,,,,,,,,,,,,,,,,,,,,,,,,,,,,,,,,,,,,,,,,,,,,65.625
,,,AG 26/06/2002,,,,,,,Agree,Strongly Agree,Strongly Agree,Neutral,Strongly Agree,Neutral,Agree,Neutral,Neutral,Agree,Neutral,Strongly Agree,Neutral,Neutral,Strongly Agree,Strongly Agree,Strongly Agree,Strongly Agree,,,,,,,,,,,,,,,,,,,,,,,,,,,,,,,,,,,,,,,,,,,,,,,,,,,,,,,50
,,,AG 26/06/2002,,,,,,,,,,,,,,,,,,,,,,,,,,,,,,,,,,,,,,,,,,,,,,,,,,,,,,,,,,,,,,,,,,,,,,,,,,,,,,,65.625
,,,AG 26/06/2002,,,,,,,,,,,,,,,,,,,,,,,,,,,,,,,,,,,,,,,,,,,,,,,,,,,,,,,,,,,,,,,,,,,,,,,,,,,,,,,28.125
,,,AI 22/05/2002,,,,,,,,,,,,,,,,,,,,,,,,,,,,,,,,,,,,,,,,,,,,,,,,,,,,,,,,,,,,,,,,,,,,,,,,,,,,,,,68.75
,,,AI 22/05/2002,,,,,,,,,,,,,,,,,,,,,,,,,,,,,,,,,,,,,,,,,,,,,,,,,,,,,,,,,,,,,,,,,,,,,,,,,,,,,,,87.5
,,,AI 22/05/2002,,,,,,,Agree,Agree,Strongly Agree,Agree,Agree,Neutral,Neutral,Neutral,Neutral,Neutral,Agree,Agree,Agree,Agree,Strongly Agree,Agree,Agree,Agree,,,,,,,,,,,,,,,,,,,,,,,,,,,,,,,,,,,,,,,,,,,,,,,,,,,,,,,68.75
,,,AI 22/05/2002,,,,,,,,,,,,,,,,,,,,,,,,,,,,,,,,,,,,,,,,,,,,,,,,,,,,,,,,,,,,,,,,,,,,,,,,,,,,,,,62.5
,,,CP 16/04/2002,,,,,,,,,,,,,,,,,,,,,,,,,,,,,,,,,,,,,,,,,,,,,,,,,,,,,,,,,,,,,,,,,,,,,,,,,,,,,,,96.875
,,,CP 16/04/2002,,,,,,,Strongly Agree,Agree,Strongly Agree,Strongly Agree,Agree,Does not apply,Neutral,Neutral,Neutral,Neutral,Agree,Agree,Disagree,Agree,Agree,Agree,Agree,Agree,,,,,,,,,,,,,,,,,,,,,,,,,,,,,,,,,,,,,,,,,,,,,,,,,,,,,,,51.5625
,,,CP 16/04/2002,,,,,,,,,,,,,,,,,,,,,,,,,,,,,,,,,,,,,,,,,,,,,,,,,,,,,,,,,,,,,,,,,,,,,,,,,,,,,,,68.75
,,,CP 16/04/2002,,,,,,,,,,,,,,,,,,,,,,,,,,,,,,,,,,,,,,,,,,,,,,,,,,,,,,,,,,,,,,,,,,,,,,,,,,,,,,,70.3125
,,,D  Ch 19/07/2003,,,,,,,,,,,,,,,,,,,,,,,,,,,,,,,,,,,,,,,,,,,,,,,,,,,,,,,,,,,,,,,,,,,,,,,,,,,,,,,70.3125
,,,D  Ch 19/07/2003,,,,,,,Agree,Agree,Agree,Agree,Agree,Agree,Agree,Agree,Agree,Agree,Agree,Agree,Agree,Agree,Agree,Agree,Agree,Agree,,,,,,,,,,,,,,,,,,,,,,,,,,,,,,,,,,,,,,,,,,,,,,,,,,,,,,,71.875
,,,D  Ch 19/07/2003,,,,,,,Agree,Agree,Agree,Agree,Agree,Neutral,Strongly Agree,Agree,Agree,Agree,Neutral,Strongly Agree,Disagree,Disagree,Strongly Disagree,Strongly Agree,Strongly Agree,Strongly Agree,,,,,,,,,,,,,,,,,,,,,,,,,,,,,,,,,,,,,,,,,,,,,,,,,,,,,,,59.375
,,,D  Ch 19/07/2003,,,,,,,Agree,Agree,Strongly Agree,Agree,Agree,Neutral,Agree,Agree,Neutral,Neutral,Disagree,Agree,Agree,Agree,Agree,Strongly Agree,Strongly Agree,Strongly Agree,,,,,,,,,,,,,,,,,,,,,,,,,,,,,,,,,,,,,,,,,,,,,,,,,,,,,,,59.375
,,,DT 03/10/2003,,,,,,,,,,,,,,,,,,,,,,,,,,,,,,,,,,,,,,,,,,,,,,,,,,,,,,,,,,,,,,,,,,,,,,,,,,,,,,,65.625
,,,DT 03/10/2003,,,,,,,,,,,,,,,,,,,,,,,,,,,,,,,,,,,,,,,,,,,,,,,,,,,,,,,,,,,,,,,,,,,,,,,,,,,,,,,65.625
,,,E. P.  03/03/2003,,,,,,,Agree,Neutral,Agree,Agree,Neutral,Neutral,Neutral,Neutral,Neutral,Neutral,Neutral,Agree,Disagree,Neutral,Neutral,Neutral,Neutral,Neutral,,,,,,,,,,,,,,,,,,,,,,,,,,,,,,,,,,,,,,,,,,,,,,,,,,,,,,,67.1875
,,,E. P.  03/03/2003,,,,,,,Agree,Agree,Strongly Agree,Agree,Agree,Strongly Agree,Disagree,Agree,Strongly Agree,Agree,Agree,Disagree,Agree,Agree,Agree,Agree,Agree,Agree,,,,,,,,,,,,,,,,,,,,,,,,,,,,,,,,,,,,,,,,,,,,,,,,,,,,,,,51.5625
,,,E. P.  03/03/2003,,,,,,,,,,,,,,,,,,,,,,,,,,,,,,,,,,,,,,,,,,,,,,,,,,,,,,,,,,,,,,,,,,,,,,,,,,,,,,,56.25
,,,mmm,,,,,,,Neutral,Neutral,Disagree,Disagree,Neutral,Neutral,Disagree,Agree,Neutral,Neutral,Neutral,Agree,Agree,Neutral,Disagree,Disagree,Disagree,Neutral,,,,,,,,,,,,,,,,,,,,,,,,,,,,,,,,,,,,,,,,,,,,,,,,,,,,,,,57.8125
,,,mmm,,,,,,,Neutral,Neutral,Agree,Agree,Neutral,Agree,Neutral,Strongly Agree,Neutral,Neutral,Neutral,Agree,Agree,Agree,Agree,Agree,Neutral,Agree,,,,,,,,,,,,,,,,,,,,,,,,,,,,,,,,,,,,,,,,,,,,,,,,,,,,,,,59.375
,,,uju,,,,,,,Strongly Agree,Strongly Agree,Strongly Agree,Agree,Agree,Agree,Agree,Agree,Agree,Agree,Neutral,Agree,Agree,Agree,Agree,Agree,Agree,Agree,,,,,,,,,,,,,,,,,,,,,,,,,,,,,,,,,,,,,,,,,,,,,,,,,,,,,,,70.3125
